instance;mh_time_sec;mh_crossings;mh_gs_time_sec;mh_gs_crossings
ms_n12_he6;0.036132;1;0.044768;1
ms_n14_he7;0.020486;5;0.403560;4
ms_n15_he7;0.043221;24;15.120395;16
ms_n15_he8;0.018406;3;0.060738;0
ms_n16_he9;0.024762;18;1.566849;14
ms_n18_he10;0.033362;27;15.109723;22
ms_n19_he10;0.033024;9;7.719480;5
ms_n20_he11;0.062414;37;15.169814;30
ms_n22_he14;0.081372;20;6.141958;5
ms_n27_he11;0.028302;17;12.703700;15
ms_n41_he19;0.183752;99;15.705588;71
ms_n8_he4;0.011192;4;0.030315;1
ss_n10_he7;0.014612;2;0.044461;0
ss_n11_he7;0.011472;6;0.040289;0
ss_n20_he13;0.029072;10;0.125812;0
ss_n27_he21;0.080727;22;3.248923;3
ss_n40_he26;0.416962;61;19.191011;54
