instance;nodes;input_edges;reduced_edges;hyperedges;multi_source_hyperedges;layers;build_failures;mh_time_sec;mh_crossings;mh_gs_time_sec;mh_gs_crossings
g.10.1;10;17;11;7;1;5;0;0.019328;0;0.008964;0
g.10.2;10;15;11;7;1;8;0;0.010883;0;0.009652;0
g.10.3;10;19;12;7;1;6;0;0.116990;1;0.035528;0
g.10.4;10;18;11;7;2;7;0;0.012806;1;0.036561;0
g.10.5;10;16;10;8;1;9;0;0.007803;0;0.007871;0
g.10.6;10;15;10;8;1;7;0;0.006489;0;0.006656;0
g.10.7;10;17;11;7;2;7;0;0.007548;0;0.007932;0
g.10.8;10;17;9;9;0;10;0;0.000840;0;0.001439;0
g.10.9;10;18;10;8;1;9;0;0.000662;0;0.001380;0
g.10.10;10;15;11;8;1;8;0;0.010609;0;0.010264;0
g.11.1;11;16;12;8;2;8;0;0.007703;0;0.008267;0
g.11.2;11;19;12;9;1;8;0;0.015764;0;0.015685;0
g.11.3;11;19;12;8;2;8;0;0.011112;0;0.013690;0
g.11.4;11;17;12;8;1;9;0;0.006643;1;0.008255;0
g.11.5;11;19;12;8;2;9;0;0.018235;1;0.033287;0
g.11.6;11;16;11;9;1;8;0;0.015652;0;0.028588;0
g.11.7;11;16;11;9;1;10;0;0.012102;0;0.014599;0
g.11.8;11;19;12;8;1;8;0;0.014730;0;0.026901;0
g.11.9;11;19;11;9;1;8;0;0.006445;0;0.009904;0
g.11.10;11;16;12;8;2;8;0;0.017001;0;0.028122;0
g.12.1;12;18;13;9;2;8;0;0.007955;0;0.009623;0
g.12.2;12;19;13;10;1;8;0;0.014584;0;0.013805;0
g.12.3;12;18;13;10;1;10;0;0.012625;1;0.039438;0
g.12.4;12;22;13;9;2;9;0;0.017186;0;0.020924;0
g.12.5;12;22;13;9;2;9;0;0.016009;0;0.017232;0
g.12.6;12;21;14;8;2;8;0;0.017085;0;0.033446;0
g.12.7;12;18;12;10;1;11;0;0.000798;0;0.002005;0
g.12.8;12;18;14;8;1;6;0;0.013360;2;0.040705;0
g.12.9;12;21;14;9;1;9;0;0.019370;0;0.022369;0
g.12.10;12;18;12;10;1;11;0;0.006561;0;0.007609;0
g.13.1;13;22;15;9;2;9;0;0.035784;4;0.057604;0
g.13.2;13;23;14;10;2;11;0;0.016558;1;0.048058;0
g.13.3;13;19;13;11;1;12;0;0.012200;0;0.014634;0
g.13.4;13;22;14;10;2;11;0;0.020260;0;0.020016;0
g.13.5;13;22;16;9;2;8;0;0.024152;0;0.052535;0
g.13.6;13;23;15;10;2;9;0;0.019579;2;0.063174;0
g.13.7;13;21;13;11;1;11;0;0.011720;0;0.037722;0
g.13.8;13;20;13;11;1;12;0;0.013934;0;0.013189;0
g.13.9;13;21;14;10;1;11;0;0.012906;0;0.013336;0
g.13.10;13;19;15;10;2;8;0;0.020270;1;0.168197;0
g.14.1;14;23;15;11;2;10;0;0.014077;0;0.012237;0
g.14.2;14;25;15;11;2;9;0;0.020359;0;0.023809;0
g.14.3;14;20;16;10;3;9;0;0.018630;0;0.016894;0
g.14.4;14;24;16;11;2;9;0;0.013554;0;0.026315;0
g.14.5;14;23;15;11;1;11;0;0.035959;3;0.058988;0
g.14.6;14;22;17;10;1;7;0;0.015596;1;0.080253;1
g.14.7;14;21;15;11;2;11;0;0.009293;0;0.010679;0
g.14.8;14;20;16;10;3;10;0;0.027030;1;0.057656;1
g.14.9;14;24;15;11;2;10;0;0.021668;1;0.052636;0
g.14.10;14;23;14;12;1;13;0;0.006087;0;0.007028;0
g.15.1;15;24;16;12;2;10;0;0.010050;0;0.009739;0
g.15.2;15;23;17;12;2;11;0;0.027142;1;0.072060;0
g.15.3;15;22;18;10;3;9;0;0.015795;1;0.016038;0
g.15.4;15;23;17;11;2;8;0;0.037258;4;0.077351;0
g.15.5;15;23;15;13;1;14;0;0.018882;0;0.019020;0
g.15.6;15;23;18;11;1;8;0;0.015338;1;0.063702;1
g.15.7;15;22;16;12;2;12;0;0.006328;0;0.006985;0
g.15.8;15;22;18;10;3;10;0;0.020561;1;0.084117;1
g.15.9;15;25;16;12;2;12;0;0.016283;1;0.047732;0
g.15.10;15;23;17;11;3;9;0;0.014361;0;0.014257;0
g.16.1;16;28;19;13;1;11;0;0.025570;3;0.076121;0
g.16.2;16;25;20;13;2;9;0;0.024695;2;0.125847;1
g.16.3;16;26;20;11;3;9;0;0.029175;1;0.102950;0
g.16.4;16;28;18;13;2;13;0;0.010202;0;0.011258;0
g.16.5;16;25;18;13;1;10;0;0.029643;4;0.066857;0
g.16.6;16;28;20;11;4;11;0;0.029355;3;0.096017;0
g.16.7;16;27;19;13;2;9;0;0.014509;0;0.016989;0
g.16.8;16;25;19;11;3;10;0;0.016528;3;0.129894;1
g.16.9;16;25;18;12;2;11;0;0.011384;3;0.048946;0
g.16.10;16;27;17;13;1;14;0;0.007492;1;0.047278;0
g.17.1;17;30;21;13;2;11;0;0.023660;1;0.081537;0
g.17.2;17;27;20;13;1;11;0;0.022473;3;0.057088;0
g.17.3;17;27;19;13;1;13;0;0.020364;0;0.021363;0
g.17.4;17;28;17;15;1;16;0;0.033361;0;0.037570;0
g.17.5;17;26;17;15;1;14;0;0.028574;0;0.045795;0
g.17.6;17;30;18;14;1;15;0;0.012846;1;0.013928;0
g.17.7;17;25;18;14;1;14;0;0.023445;0;0.053697;0
g.17.8;17;28;19;13;3;12;0;0.023845;1;0.086728;0
g.17.9;17;26;18;14;1;13;0;0.011890;1;0.012102;0
g.17.10;17;29;19;13;3;12;0;0.028740;1;0.090687;0
g.18.1;18;29;21;13;2;11;0;0.018388;2;0.063619;0
g.18.2;18;30;22;12;3;10;0;0.022298;3;0.074949;0
g.18.3;18;28;21;13;2;13;0;0.028664;3;0.060908;0
g.18.4;18;29;20;14;3;14;0;0.019555;1;0.019054;0
g.18.5;18;31;20;14;3;14;0;0.032925;0;0.062686;0
g.18.6;18;27;21;14;3;13;0;0.025083;6;0.079778;0
g.18.7;18;31;20;14;3;11;0;0.021468;0;0.055904;0
g.18.8;18;31;20;14;2;11;0;0.029245;2;0.074530;1
g.18.9;18;31;21;13;3;13;0;0.025534;0;0.057830;0
g.18.10;18;28;22;13;4;12;0;0.038882;3;0.090705;0
g.19.1;19;30;22;14;2;12;0;0.021511;2;0.072780;0
g.19.2;19;30;25;14;3;11;0;0.041868;11;0.286422;1
g.19.3;19;31;21;15;3;15;0;0.015691;0;0.016283;0
g.19.4;19;28;21;15;3;12;0;0.030320;4;0.092444;0
g.19.5;19;31;22;15;3;13;0;0.028979;0;0.027614;0
g.19.6;19;28;23;14;3;10;0;0.018878;3;0.098204;0
g.19.7;19;32;21;15;3;16;0;0.034167;1;0.099032;0
g.19.8;19;33;23;14;1;10;0;0.018160;4;0.078815;0
g.19.9;19;30;21;15;3;16;0;0.040320;4;0.099902;0
g.19.10;19;31;22;14;3;13;0;0.032275;7;0.095207;0
g.20.1;20;33;24;15;4;12;0;0.023913;2;0.081036;0
g.20.2;20;30;23;15;3;13;0;0.027546;1;0.101470;0
g.20.3;20;32;23;16;2;15;0;0.022981;1;0.072883;0
g.20.4;20;31;22;16;3;15;0;0.038473;4;0.106768;0
g.20.5;20;31;23;15;4;14;0;0.031303;2;0.077162;0
g.20.6;20;32;25;14;4;12;0;0.041908;3;0.105989;0
g.20.7;20;31;24;16;2;14;0;0.028482;1;0.086752;0
g.20.8;20;30;22;16;3;16;0;0.035528;0;0.071315;0
g.20.9;20;32;26;16;2;10;0;0.034385;4;0.189390;1
g.20.10;20;31;22;18;1;15;0;0.049706;1;0.099280;1
g.21.1;21;35;25;16;3;12;0;0.027812;3;0.327440;1
g.21.2;21;34;27;15;2;11;0;0.034971;7;0.333668;2
g.21.3;21;36;25;16;3;14;0;0.039419;4;0.460568;1
g.21.4;21;34;23;17;2;18;0;0.032481;1;0.096508;0
g.21.5;21;35;23;17;3;17;0;0.026040;0;0.069875;0
g.21.6;21;38;26;16;3;13;0;0.047372;5;0.096552;0
g.21.7;21;33;22;18;1;16;0;0.017096;1;0.057668;0
g.21.8;21;33;23;18;2;18;0;0.039348;0;0.086022;0
g.21.9;21;34;27;15;3;10;0;0.031940;6;0.304913;1
g.21.10;21;32;24;16;3;13;0;0.026522;2;0.093517;0
g.22.1;22;36;24;18;3;17;0;0.034540;2;0.090986;0
g.22.2;22;36;25;17;4;17;0;0.065338;1;0.127914;0
g.22.3;22;34;25;17;3;13;0;0.014939;1;0.065856;0
g.22.4;22;34;28;18;2;10;0;0.031420;5;0.518265;2
g.22.5;22;39;27;18;3;11;0;0.080986;12;4.501289;2
g.22.6;22;34;24;18;2;16;0;1.099815;2;0.195977;0
g.22.7;22;37;22;20;1;21;0;0.019294;0;0.079248;0
g.22.8;22;37;25;17;2;13;0;0.054802;0;0.131344;0
g.22.9;22;37;25;18;3;14;0;0.042268;1;3.342045;1
g.22.10;22;38;27;17;1;11;0;0.691787;6;0.721214;2
g.23.1;23;39;28;18;4;17;0;0.103239;4;0.331361;0
g.23.2;23;36;27;18;3;16;0;0.067300;1;0.171703;1
g.23.3;23;35;27;19;2;13;0;0.086548;6;0.701438;1
g.23.4;23;38;28;16;2;11;0;0.050648;6;0.107017;0
g.23.5;23;36;25;19;3;16;0;0.022434;0;0.067689;0
g.23.6;23;34;25;20;2;20;0;0.042177;1;0.088488;0
g.23.7;23;38;27;17;4;15;0;0.038199;1;0.147667;1
g.23.8;23;38;28;17;2;15;0;0.029070;2;0.092412;0
g.23.9;23;35;27;19;3;16;0;0.036261;2;0.090689;0
g.23.10;23;36;27;18;3;14;0;0.036135;2;0.367797;1
g.24.1;24;37;29;17;4;12;0;0.040993;5;0.773307;1
g.24.2;24;37;29;19;4;14;0;0.042590;5;0.378590;1
g.24.3;24;39;27;20;3;18;0;0.040223;7;0.125155;0
g.24.4;24;41;28;19;4;18;0;0.062226;3;0.187681;0
g.24.5;24;40;29;18;4;12;0;0.026246;6;0.381361;1
g.24.6;24;40;28;22;1;17;0;0.022619;1;0.110997;0
g.24.7;24;35;26;21;2;19;0;0.018409;0;0.021851;0
g.24.8;24;37;27;19;3;19;0;0.030864;1;0.100501;0
g.24.9;24;38;25;21;1;20;0;0.018695;1;0.074929;0
g.24.10;24;37;28;19;4;14;0;0.040188;1;0.142552;0
g.25.1;25;39;30;18;3;12;0;0.030167;5;0.431109;1
g.25.2;25;39;29;19;3;15;0;0.038010;4;0.210288;0
g.25.3;25;40;32;20;3;15;0;0.091315;11;2.593706;2
g.25.4;25;39;30;20;4;15;0;0.092258;9;0.390724;1
g.25.5;25;41;30;19;4;12;0;0.077934;5;0.701326;1
g.25.6;25;41;29;23;1;18;0;0.048792;1;0.200003;0
g.25.7;25;37;27;22;1;22;0;0.072996;0;0.051631;0
g.25.8;25;42;31;17;5;12;0;0.067868;7;3.626392;3
g.25.9;25;42;28;20;3;12;0;0.069527;1;0.230872;0
g.25.10;25;41;28;20;2;18;0;0.085764;2;0.259055;0
g.26.1;26;43;29;22;2;20;0;0.122542;4;0.508015;0
g.26.2;26;43;30;20;5;15;0;0.129190;7;0.443054;0
g.26.3;26;42;33;19;3;13;0;0.119541;7;3.776680;2
g.26.4;26;42;33;19;5;16;0;0.126348;13;1.266306;2
g.26.5;26;45;32;20;4;16;0;0.108732;3;0.263817;0
g.26.6;26;42;33;19;4;13;0;0.094534;13;1.152875;1
g.26.7;26;40;30;22;3;20;0;0.073475;1;0.239490;1
g.26.8;26;44;31;21;4;18;0;0.061542;0;0.089994;0
g.26.9;26;43;31;19;3;16;0;0.095730;9;0.349692;0
g.26.10;26;40;29;22;3;18;0;0.073716;2;0.227327;0
g.27.1;27;43;32;20;3;16;0;0.146873;7;0.330387;0
g.27.2;27;42;33;20;4;15;0;0.082728;8;0.842745;1
g.27.3;27;43;31;23;3;20;0;0.034292;0;0.107184;0
g.27.4;27;42;33;21;5;15;0;0.100678;6;0.888630;1
g.27.5;27;44;35;21;3;12;0;0.096220;11;5.627350;7
g.27.6;27;42;32;22;3;19;0;0.105316;12;0.356938;0
g.27.7;27;43;31;21;3;22;0;0.118816;3;0.271258;0
g.27.8;27;45;33;21;4;16;0;0.105023;14;5.415628;7
g.27.9;27;43;34;21;2;13;0;0.077992;10;5.449721;2
g.27.10;27;42;30;23;3;23;0;0.123464;5;0.363246;1
g.28.1;28;45;34;22;3;16;0;0.120898;6;0.308299;0
g.28.2;28;45;34;22;4;17;0;0.065849;1;0.207470;1
g.28.3;28;47;31;23;3;21;0;0.085078;2;0.249026;0
g.28.4;28;44;34;21;3;18;0;0.092619;7;1.261652;1
g.28.5;28;48;32;23;3;20;0;0.044564;3;0.220380;0
g.28.6;28;45;33;23;3;20;0;0.067843;0;0.131175;0
g.28.7;28;48;33;24;3;18;0;0.056815;3;0.193778;0
g.28.8;28;45;32;23;3;19;0;0.048272;3;0.165206;0
g.28.9;28;46;36;19;5;15;0;0.100144;11;1.462495;2
g.28.10;28;45;30;24;3;21;0;0.065588;4;0.202524;1
g.29.1;29;49;33;24;3;20;0;0.090042;12;0.263075;0
g.29.2;29;46;37;23;4;16;0;0.091511;11;5.644091;8
g.29.3;29;51;35;23;5;18;0;0.084710;12;1.040500;1
g.29.4;29;46;34;23;4;21;0;0.080016;2;0.312071;0
g.29.5;29;49;33;24;3;17;0;0.075892;4;0.658379;1
g.29.6;29;46;33;24;4;21;0;0.066245;4;0.217137;0
g.29.7;29;47;32;25;3;19;0;0.081463;3;0.271029;0
g.29.8;29;46;34;24;4;14;0;0.075486;4;1.064107;1
g.29.9;29;46;34;24;3;17;0;0.074079;7;0.319092;0
g.29.10;29;44;35;21;5;15;0;0.062016;11;0.277369;0
g.30.1;30;46;36;24;3;19;0;0.073408;1;0.195651;0
g.30.2;30;50;38;22;5;17;0;0.102912;4;1.329679;1
g.30.3;30;50;35;25;3;21;0;0.089827;6;0.321696;0
g.30.4;30;48;36;25;4;17;0;0.096740;2;1.599610;2
g.30.5;30;49;34;25;3;21;0;0.078892;3;0.350712;0
g.30.6;30;50;37;24;5;18;0;0.124544;9;1.219072;1
g.30.7;30;52;35;24;4;22;0;0.101750;10;1.282322;2
g.30.8;30;48;34;24;4;23;0;0.055011;3;0.640180;1
g.30.9;30;51;38;22;4;16;0;0.105153;22;5.841126;6
g.30.10;30;50;41;22;4;12;0;0.101355;28;5.984703;14
g.31.1;31;52;35;26;4;23;0;0.086186;0;0.195249;0
g.31.2;31;52;33;27;3;26;0;0.068308;1;0.186970;0
g.31.3;31;52;38;23;5;17;0;0.140395;19;2.658336;2
g.31.4;31;52;33;27;3;19;0;0.058077;0;0.167828;0
g.31.5;31;47;37;24;5;17;0;0.128255;10;0.462835;0
g.31.6;31;51;35;26;4;24;0;0.089704;0;0.075761;0
g.31.7;31;52;36;26;4;22;0;0.096437;5;0.310740;0
g.31.8;31;51;34;27;2;23;0;0.089156;1;0.267191;0
g.31.9;31;53;37;25;4;20;0;0.074113;4;0.292281;0
g.31.10;31;48;40;24;3;16;0;0.075060;14;5.515657;11
g.32.1;32;53;40;25;5;18;0;0.139791;9;1.244377;1
g.32.2;32;50;36;27;4;22;0;0.062232;4;0.493768;1
g.32.3;32;51;39;26;3;17;0;0.055583;5;1.007412;2
g.32.4;32;51;40;24;5;17;0;0.084495;4;0.414405;0
g.32.5;32;51;38;25;6;20;0;0.069713;3;0.272619;0
g.32.6;32;49;40;25;4;16;0;0.062001;8;0.401972;0
g.32.7;32;53;36;26;4;26;0;0.079119;3;0.245848;0
g.32.8;32;51;39;25;5;20;0;0.064715;5;0.794951;1
g.32.9;32;53;37;27;3;25;0;0.139354;12;0.460592;0
g.32.10;32;51;37;28;2;25;0;0.137616;7;1.832891;1
g.33.1;33;54;38;27;4;20;0;0.084234;5;4.163968;2
g.33.2;33;51;37;29;3;25;0;0.127256;0;0.153485;0
g.33.3;33;53;37;28;4;21;0;0.081318;3;0.344213;0
g.33.4;33;53;39;29;3;19;0;0.076768;6;0.850261;1
g.33.5;33;52;39;28;4;16;0;0.086329;4;0.323583;0
g.33.6;33;51;42;25;4;16;0;0.125347;19;5.596913;11
g.33.7;33;55;40;27;5;20;0;0.164037;14;1.010332;1
g.33.8;33;52;41;25;6;19;0;0.090660;4;0.485386;1
g.33.9;33;53;38;27;4;22;0;0.078804;12;0.743233;1
g.33.10;33;52;39;27;4;22;0;0.115297;4;0.466627;0
g.34.1;34;55;42;28;4;24;0;0.183154;25;5.527127;10
g.34.2;34;54;40;28;4;22;0;0.098844;8;0.804166;1
g.34.3;34;55;40;27;5;24;0;0.125244;15;5.949267;6
g.34.4;34;54;40;29;2;25;0;0.101214;3;3.113495;2
g.34.5;34;55;38;29;4;28;0;0.099159;2;0.321658;0
g.34.6;34;55;41;27;3;15;0;0.088199;13;2.075992;3
g.34.7;34;56;42;27;5;22;0;0.131003;8;1.423857;1
g.34.8;34;55;42;25;6;20;0;0.099423;6;0.451886;0
g.34.9;34;53;39;28;4;27;0;0.100204;5;0.275753;1
g.34.10;34;57;43;24;5;19;0;0.117684;7;3.821201;2
g.35.1;35;57;43;26;7;13;0;0.121914;19;6.570159;5
g.35.2;35;58;40;28;4;24;0;0.095202;3;0.374071;0
g.35.3;35;54;40;28;4;24;0;0.074339;3;0.239596;0
g.35.4;35;59;43;27;6;22;0;0.094946;16;5.385218;4
g.35.5;35;56;40;30;4;25;0;0.089952;4;0.868348;1
g.35.6;35;58;43;27;4;20;0;0.069223;23;4.375774;4
g.35.7;35;54;37;31;3;30;0;0.031658;1;0.138674;0
g.35.8;35;59;41;30;4;20;0;0.046275;5;0.219496;0
g.35.9;35;56;40;29;3;24;0;0.086717;12;0.902415;1
g.35.10;35;55;43;28;6;21;0;0.079644;13;5.493820;10
g.36.1;36;58;44;27;6;21;0;0.080240;13;1.514731;2
g.36.2;36;59;43;30;4;23;0;0.070936;15;5.372234;5
g.36.3;36;60;43;28;6;21;0;0.056118;8;2.065397;2
g.36.4;36;58;42;30;5;28;0;0.087541;3;0.288895;0
g.36.5;36;56;44;29;3;12;0;0.051343;6;5.498313;6
g.36.6;36;62;46;27;6;22;0;0.080449;18;3.411143;3
g.36.7;36;57;46;29;6;18;0;0.082922;14;5.983752;6
g.36.8;36;56;44;29;5;25;0;0.094940;18;5.595283;8
g.36.9;36;60;43;29;5;24;0;0.081937;10;4.937399;2
g.36.10;36;57;48;27;5;17;0;0.085547;24;6.072242;12
g.37.1;37;60;44;30;4;17;0;0.051921;5;0.548885;2
g.37.2;37;62;45;30;5;24;0;0.092659;16;2.363912;3
g.37.3;37;61;43;31;4;24;0;0.076165;7;1.119437;1
g.37.4;37;61;46;30;5;23;0;0.110566;9;1.025974;1
g.37.5;37;59;45;28;5;18;0;0.078007;14;0.923591;1
g.37.6;37;61;47;27;5;21;0;0.099148;23;6.203504;11
g.37.7;37;59;48;28;5;18;0;0.119380;41;5.470002;16
g.37.8;37;58;48;28;5;22;0;0.153133;19;5.780217;8
g.37.9;37;61;46;29;5;16;0;0.161493;21;6.134577;14
g.37.10;37;58;44;29;4;23;0;0.139737;10;5.537344;6
g.38.1;38;60;47;33;4;23;0;0.108874;13;5.580868;8
g.38.2;38;61;50;31;5;23;0;0.181298;9;5.742293;9
g.38.3;38;64;45;30;6;24;0;0.120093;6;0.423805;0
g.38.4;38;59;49;29;5;21;0;0.129977;10;5.955940;8
g.38.5;38;61;47;31;5;21;0;0.102379;5;5.954204;5
g.38.6;38;61;48;30;6;18;0;0.153131;18;5.619413;10
g.38.7;38;61;50;27;5;15;0;0.121747;16;6.127698;13
g.38.8;38;61;46;31;5;14;0;0.101307;14;5.436061;13
g.38.9;38;61;46;30;6;19;0;0.137962;12;4.230949;2
g.38.10;38;59;46;33;4;24;0;0.151264;13;5.430622;5
g.39.1;39;62;49;33;4;24;0;0.190671;18;6.413975;7
g.39.2;39;62;47;31;6;28;0;0.161327;16;2.791264;1
g.39.3;39;62;51;30;4;18;0;0.150889;15;4.778054;2
g.39.4;39;62;49;31;4;25;0;0.205306;10;1.003622;1
g.39.5;39;63;44;34;4;29;0;0.144328;10;4.541640;2
g.39.6;39;64;45;32;4;29;0;0.079897;4;0.417284;0
g.39.7;39;60;48;32;5;20;0;0.141043;14;5.832254;8
g.39.8;39;63;52;29;5;19;0;0.174778;23;6.425067;11
g.39.9;39;62;48;33;4;21;0;0.136773;13;1.337449;1
g.39.10;39;61;47;31;6;26;0;0.163639;18;6.072844;7
g.40.1;40;69;50;30;5;19;0;0.079102;13;1.261438;2
g.40.2;40;64;48;33;5;18;0;0.165787;20;5.648979;16
g.40.3;40;65;48;33;5;27;0;0.156896;14;3.052406;2
g.40.4;40;64;48;32;5;23;0;0.134123;23;6.107878;9
g.40.5;40;67;48;32;6;23;0;0.189039;10;5.852091;6
g.40.6;40;64;48;33;4;24;0;0.108575;14;1.771314;2
g.40.7;40;66;50;31;8;23;0;0.175643;25;5.748712;11
g.40.8;40;65;49;31;6;24;0;0.162866;13;1.914101;2
g.40.9;40;67;51;32;7;20;0;0.141815;8;2.073240;3
g.40.10;40;67;50;30;4;19;0;0.117334;18;3.233038;2
g.41.1;41;69;48;33;6;17;0;0.104519;8;2.338308;2
g.41.2;41;64;47;36;2;28;0;0.163229;3;1.351139;1
g.41.3;41;65;50;32;7;25;0;0.107596;23;6.302299;9
g.41.4;41;66;48;33;5;27;0;0.132100;6;1.836751;1
g.41.5;41;66;49;34;5;22;0;0.118824;19;2.903554;2
g.41.6;41;65;47;37;2;30;0;0.171629;5;1.794883;1
g.41.7;41;69;51;32;5;24;0;0.213927;15;3.998014;3
g.41.8;41;65;51;30;7;21;0;0.134848;13;6.369268;6
g.41.9;41;65;51;32;7;20;0;0.164961;12;5.790540;10
g.41.10;41;66;52;33;3;22;0;0.235314;24;2.813647;2
g.42.1;42;70;53;34;6;19;0;0.209328;28;6.158752;16
g.42.2;42;72;52;34;6;24;0;0.172382;20;3.176136;1
g.42.3;42;70;53;33;5;19;0;0.180243;15;6.222059;11
g.42.4;42;69;50;34;5;22;0;0.150511;7;5.157151;2
g.42.5;42;71;48;36;4;30;0;0.160830;12;0.443671;0
g.42.6;42;69;49;35;5;26;0;0.122710;5;0.677403;0
g.42.7;42;72;51;34;5;26;0;0.203390;17;5.912501;9
g.42.8;42;71;50;33;7;28;0;0.156570;12;1.872537;1
g.42.9;42;70;50;33;5;21;0;0.164419;9;2.208416;1
g.42.10;42;71;49;34;7;26;0;0.160536;7;0.617502;0
g.43.1;43;69;57;34;6;20;0;0.244456;29;6.638724;27
g.43.2;43;70;49;36;6;24;0;0.148948;10;2.342302;1
g.43.3;43;68;51;35;6;24;0;0.122374;14;5.765790;5
g.43.4;43;69;53;36;5;24;0;0.198526;19;3.502465;2
g.43.5;43;70;52;32;8;22;0;0.121465;14;1.448810;1
g.43.6;43;69;54;34;6;23;0;0.164874;25;5.696061;4
g.43.7;43;72;51;36;5;27;0;0.153830;6;1.518273;1
g.43.8;43;72;52;36;5;28;0;0.194094;24;1.630117;2
g.43.9;43;69;49;38;4;27;0;0.132167;2;2.111847;1
g.43.10;43;72;51;35;5;26;0;0.180449;14;0.660268;0
g.44.1;44;74;57;32;6;19;0;0.153696;22;6.028439;18
g.44.2;44;70;53;36;6;27;0;0.163735;11;6.071654;6
g.44.3;44;72;55;36;6;23;0;0.246230;34;5.934319;14
g.44.4;44;72;56;34;6;24;0;0.215809;15;6.073600;13
g.44.5;44;71;52;38;5;32;0;0.155770;8;1.008510;1
g.44.6;44;73;57;33;6;22;0;0.270486;11;5.846933;10
g.44.7;44;70;56;33;6;28;0;0.198701;13;7.451466;11
g.44.8;44;71;59;33;6;20;0;0.250397;29;6.358963;23
g.44.9;44;70;53;36;5;24;0;0.111909;11;1.603002;1
g.44.10;44;70;54;35;4;26;0;0.210657;32;5.668534;10
g.45.1;45;76;52;38;6;29;0;0.183056;6;1.828348;1
g.45.2;45;72;52;37;5;33;0;0.141065;7;2.100322;1
g.45.3;45;71;55;37;6;27;0;0.214449;16;5.903677;8
g.45.4;45;70;56;36;7;20;0;0.122658;16;1.707920;1
g.45.5;45;75;57;34;9;23;0;0.225367;30;5.892675;17
g.45.6;45;71;52;38;5;34;0;0.220461;11;5.845515;3
g.45.7;45;75;58;36;7;24;0;0.104313;20;4.357470;2
g.45.8;45;72;57;35;6;23;0;0.145014;12;6.288633;11
g.45.9;45;76;51;39;5;33;0;0.146107;6;0.532540;0
g.45.10;45;74;54;38;4;24;0;0.133660;13;2.085574;2
g.46.1;46;77;57;38;6;24;0;0.161072;13;2.758338;2
g.46.2;46;76;55;39;6;29;0;0.199537;15;5.641806;9
g.46.3;46;74;55;36;8;24;0;0.154520;18;6.713470;16
g.46.4;46;77;58;37;7;25;0;0.194673;24;6.023207;11
g.46.5;46;74;56;37;7;30;0;0.154218;27;5.696985;13
g.46.6;46;74;60;35;6;20;0;0.234174;21;7.277961;20
g.46.7;46;73;57;35;5;26;0;0.157341;13;3.047235;1
g.46.8;46;76;54;37;7;32;0;0.127367;6;0.561024;1
g.46.9;46;73;55;39;4;29;0;0.212306;19;2.535661;1
g.46.10;46;74;56;38;6;24;0;0.134997;17;4.209705;2
g.47.1;47;75;55;38;5;30;0;0.182960;9;0.891177;0
g.47.2;47;76;59;39;5;28;0;0.221378;35;6.122986;17
g.47.3;47;76;57;41;5;30;0;0.191787;15;1.559833;1
g.47.4;47;75;59;37;4;25;0;0.219264;35;6.030376;13
g.47.5;47;74;57;37;7;24;0;0.151541;17;0.813152;0
g.47.6;47;74;59;38;5;22;0;0.242618;15;5.879244;15
g.47.7;47;78;57;38;7;21;0;0.183762;27;6.118480;10
g.47.8;47;79;56;38;5;30;0;0.230706;15;6.697236;10
g.47.9;47;74;59;39;6;26;0;0.220962;21;6.549767;10
g.47.10;47;79;58;36;7;26;0;0.197098;29;6.721292;14
g.48.1;48;81;61;36;7;23;0;0.264095;63;5.837565;15
g.48.2;48;80;59;38;6;29;0;0.220179;18;6.015192;12
g.48.3;48;77;55;41;4;29;0;0.170146;10;0.615910;0
g.48.4;48;79;55;40;7;35;0;0.166739;19;4.346385;2
g.48.5;48;77;63;40;4;24;0;0.261098;16;7.605383;16
g.48.6;48;77;56;40;6;33;0;0.251368;18;7.295573;6
g.48.7;48;81;57;38;7;30;0;0.170135;8;5.930609;8
g.48.8;48;79;58;40;4;19;0;0.204629;24;6.217238;12
g.48.9;48;77;63;36;7;21;0;0.168345;21;6.178376;15
g.48.10;48;78;57;40;5;27;0;0.145612;11;5.694416;5
g.49.1;49;80;62;39;5;21;0;0.234699;34;6.256057;18
g.49.2;49;81;62;39;8;23;0;0.393000;66;6.407574;28
g.49.3;49;80;64;37;6;22;0;0.141581;27;5.554860;12
g.49.4;49;79;64;42;5;21;0;0.196547;20;8.454824;20
g.49.5;49;82;61;36;7;25;0;0.256789;12;6.060639;11
g.49.6;49;82;62;37;8;22;0;0.144097;30;6.433528;20
g.49.7;49;79;58;40;7;35;0;0.164090;13;2.287598;1
g.49.8;49;79;62;39;7;26;0;0.236831;33;6.019889;13
g.49.9;49;83;62;37;6;23;0;0.228597;30;7.374061;20
g.49.10;49;77;57;43;5;30;0;0.177579;12;5.800971;6
g.50.1;50;83;60;41;8;29;0;0.171356;21;0.887100;0
g.50.2;50;78;62;40;6;25;0;0.202946;14;6.145094;11
g.50.3;50;84;65;39;6;29;0;0.301241;35;6.283492;16
g.50.4;50;80;64;38;6;25;0;0.226262;33;6.158574;13
g.50.5;50;83;58;42;6;33;0;0.277227;23;6.102354;11
g.50.6;50;79;61;42;5;25;0;0.176469;15;3.061145;1
g.50.7;50;79;60;40;9;31;0;0.202826;12;6.362453;11
g.50.8;50;80;65;39;6;23;0;0.305033;52;7.294594;27
g.50.9;50;84;60;40;6;31;0;0.140665;10;8.006267;7
g.50.10;50;82;62;39;7;27;0;0.850742;22;11.921725;10
g.51.1;51;81;61;42;7;33;0;0.729787;30;8.791276;10
g.51.2;51;82;63;43;6;22;0;0.403157;26;7.824068;12
g.51.3;51;81;66;43;6;26;0;0.832946;58;9.125202;21
g.51.4;51;84;63;41;8;28;0;0.522225;16;9.495753;12
g.51.5;51;86;65;39;10;25;0;0.702315;30;7.466489;20
g.51.6;51;82;64;43;6;28;0;0.604241;32;7.358582;13
g.51.7;51;82;68;42;6;19;0;0.584245;33;9.006728;16
g.51.8;51;86;63;40;7;27;0;0.752949;33;7.441460;13
g.51.9;51;82;65;44;5;26;0;0.562990;40;8.127574;19
g.51.10;51;84;66;39;7;28;0;0.911564;39;8.473957;17
g.52.1;52;85;64;42;7;28;0;0.471539;12;6.757987;8
g.52.2;52;85;65;41;8;32;0;0.284202;28;6.403192;9
g.52.3;52;87;62;43;6;32;0;0.649689;14;9.649810;9
g.52.4;52;85;66;42;7;26;0;0.683065;37;10.951443;16
g.52.5;52;89;63;44;7;33;0;0.605922;30;7.522465;10
g.52.6;52;81;63;43;6;25;0;0.492450;19;8.340519;8
g.52.7;52;87;62;43;7;30;0;0.625278;33;8.747222;13
g.52.8;52;84;66;44;6;23;0;0.502086;25;7.282556;22
g.52.9;52;84;64;41;6;28;0;0.936256;56;7.847058;18
g.52.10;52;85;67;37;8;24;0;0.792377;42;8.002981;21
g.53.1;53;87;65;40;7;31;0;0.672560;18;6.438367;16
g.53.2;53;86;64;42;8;26;0;0.536823;31;6.731939;15
g.53.3;53;87;65;42;8;25;0;0.165696;38;7.827541;15
g.53.4;53;86;66;40;6;31;0;0.483453;11;8.896996;7
g.53.5;53;89;67;40;7;25;0;0.192609;26;6.121018;13
g.53.6;53;86;63;45;5;28;0;0.227957;14;4.155517;2
g.53.7;53;85;66;42;8;29;0;0.482145;41;7.884209;14
g.53.8;53;86;66;43;7;29;0;0.287283;20;6.466854;17
g.53.9;53;87;67;40;10;29;0;0.294202;11;10.567389;11
g.53.10;53;89;66;40;8;29;0;0.244135;34;6.809994;15
g.54.1;54;87;65;45;5;31;0;0.268726;19;6.074135;5
g.54.2;54;90;64;47;6;26;0;0.175804;15;6.587746;15
g.54.3;54;91;63;46;5;37;0;0.203629;8;1.930063;1
g.54.4;54;86;66;43;8;24;0;0.315621;45;7.454816;18
g.54.5;54;85;65;43;8;29;0;0.296682;41;6.093148;17
g.54.6;54;88;65;46;7;33;0;0.179846;10;1.055784;0
g.54.7;54;87;66;45;7;24;0;0.177003;11;7.156827;9
g.54.8;54;88;60;47;6;43;0;0.344091;6;1.748198;1
g.54.9;54;89;72;44;6;21;0;0.293787;71;6.254884;31
g.54.10;54;91;64;44;6;35;0;0.355825;31;7.691016;14
g.55.1;55;91;69;46;6;33;0;0.296372;21;6.283271;18
g.55.2;55;89;66;46;8;26;0;0.188390;26;7.607944;18
g.55.3;55;92;65;47;7;32;0;0.197333;23;6.643934;9
g.55.4;55;90;67;46;6;29;0;0.229557;13;5.246652;2
g.55.5;55;90;68;44;8;31;0;0.337701;23;6.976316;13
g.55.6;55;91;68;47;7;29;0;0.379592;59;7.244071;22
g.55.7;55;89;66;45;7;38;0;0.192380;13;6.408355;4
g.55.8;55;87;70;41;9;27;0;0.268224;16;6.614235;12
g.55.9;55;90;71;43;7;26;0;0.517182;60;7.436407;17
g.55.10;55;90;71;44;7;25;0;0.227264;62;8.077092;17
g.56.1;56;91;69;44;6;29;0;0.244418;17;6.841841;11
g.56.2;56;93;70;43;9;32;0;0.203586;18;6.527340;8
g.56.3;56;89;69;49;5;31;0;0.244139;24;7.407624;13
g.56.4;56;89;67;45;5;31;0;0.199650;24;7.002155;13
g.56.5;56;90;71;49;5;33;0;0.310288;36;6.161150;20
g.56.6;56;92;70;43;7;29;0;0.308871;25;10.137903;14
g.56.7;56;90;68;45;9;35;0;0.349578;20;6.753896;11
g.56.8;56;95;67;50;4;33;0;0.252585;27;7.215820;16
g.56.9;56;88;71;43;6;28;0;0.258188;20;7.382835;15
g.56.10;56;93;70;45;8;27;0;0.341031;63;6.275616;24
g.57.1;57;91;70;47;7;32;0;0.340235;14;6.837952;12
g.57.2;57;93;65;48;7;37;0;0.229001;27;6.907319;7
g.57.3;57;96;72;43;11;23;0;0.306356;84;6.819724;29
g.57.4;57;95;68;48;7;34;0;0.307591;22;6.864766;8
g.57.5;57;94;71;48;5;26;0;0.272390;40;6.145345;16
g.57.6;57;91;68;47;6;32;0;0.235740;20;5.881266;10
g.57.7;57;95;72;48;6;30;0;0.358480;28;7.430276;21
g.57.8;57;94;71;45;8;28;0;0.407139;41;8.076361;16
g.57.9;57;93;70;46;7;29;0;0.223438;26;6.621410;15
g.57.10;57;92;70;47;8;33;0;0.365154;38;6.648037;13
g.58.1;58;96;75;45;9;31;0;0.392326;25;7.280220;26
g.58.2;58;96;72;46;6;33;0;0.344132;33;6.665192;17
g.58.3;58;94;74;45;8;27;0;0.324823;35;6.792462;19
g.58.4;58;92;76;48;7;26;0;0.438839;68;6.884627;35
g.58.5;58;97;71;46;9;35;0;0.383618;65;7.175409;20
g.58.6;58;97;73;45;7;34;0;0.444840;34;6.584211;15
g.58.7;58;94;71;48;6;35;0;0.386979;23;6.338193;21
g.58.8;58;94;72;46;10;32;0;0.297637;19;7.816714;8
g.58.9;58;94;71;49;5;31;0;0.250957;16;8.699395;17
g.58.10;58;98;70;50;7;27;0;0.232946;23;6.254392;18
g.59.1;59;97;68;50;7;36;0;0.260752;9;5.035870;1
g.59.2;59;96;71;49;6;32;0;0.254998;13;6.914420;14
g.59.3;59;93;71;52;5;33;0;0.366079;24;7.732367;14
g.59.4;59;99;70;49;7;37;0;0.359801;46;7.316485;14
g.59.5;59;95;76;45;9;25;0;0.423891;61;6.976090;32
g.59.6;59;97;70;48;9;36;0;0.214858;14;2.453176;1
g.59.7;59;94;77;48;9;29;0;0.221633;54;7.038841;22
g.59.8;59;94;71;50;6;27;0;0.134712;15;6.157886;9
g.59.9;59;97;70;49;7;33;0;0.214059;22;6.297392;11
g.59.10;59;95;72;48;8;29;0;0.272373;47;6.074968;18
g.60.1;60;101;69;51;6;39;0;0.332393;15;10.353348;7
g.60.2;60;97;75;47;8;30;0;0.353120;39;6.853149;14
g.60.3;60;95;77;45;8;29;0;0.146319;23;5.055662;4
g.60.4;60;99;74;45;9;35;0;0.194581;18;7.685245;17
g.60.5;60;103;70;51;6;40;0;0.317538;25;6.099540;8
g.60.6;60;98;74;48;8;30;0;0.344653;32;6.562393;14
g.60.7;60;100;72;47;11;39;0;0.363559;36;8.034606;13
g.60.8;60;102;75;48;8;30;0;0.266152;42;6.737121;20
g.60.9;60;98;68;51;7;46;0;0.319903;6;4.541182;1
g.60.10;60;98;74;48;8;35;0;0.239052;15;6.921913;12
g.61.1;61;100;77;51;8;30;0;0.331403;20;6.765817;20
g.61.2;61;98;79;46;7;29;0;0.515636;82;8.123949;27
g.61.3;61;101;73;48;10;31;0;0.552149;23;7.253774;16
g.61.4;61;103;74;49;7;29;0;0.202786;36;7.105741;11
g.61.5;61;99;74;49;7;41;0;0.410999;21;6.824896;9
g.61.6;61;99;70;53;4;39;0;0.274372;20;7.302340;7
g.61.7;61;101;71;54;3;40;0;0.344138;23;7.022536;13
g.61.8;61;98;77;49;9;28;0;0.246953;26;6.408944;16
g.61.9;61;96;76;50;10;37;0;0.260257;15;6.280112;8
g.61.10;61;102;77;48;7;28;0;0.330251;66;6.169965;24
g.62.1;62;104;76;51;6;31;0;0.356047;24;6.829202;13
g.62.2;62;100;72;51;6;41;0;0.190848;10;6.785383;8
g.62.3;62;99;77;50;8;31;0;0.327705;22;6.337578;17
g.62.4;62;100;79;47;8;32;0;0.312751;46;6.293810;22
g.62.5;62;102;76;50;7;40;0;0.456187;35;7.224757;20
g.62.6;62;99;78;51;8;36;0;0.204995;32;6.091846;25
g.62.7;62;101;78;48;7;32;0;0.181229;22;6.982202;15
g.62.8;62;100;72;50;10;37;0;0.161737;17;6.796572;6
g.62.9;62;103;75;52;7;34;0;0.179139;28;6.167423;13
g.62.10;62;103;75;53;7;31;0;0.194244;44;6.346759;20
g.63.1;63;104;77;51;8;35;0;0.233115;47;6.035467;16
g.63.2;63;102;80;50;8;29;0;0.235607;69;6.435307;30
g.63.3;63;103;77;53;6;33;0;0.234914;55;6.687040;25
g.63.4;63;101;77;51;9;38;0;0.185942;26;6.825056;20
g.63.5;63;103;78;55;6;31;0;0.161413;37;6.482617;15
g.63.6;63;101;80;50;10;27;0;0.340330;47;7.362443;26
g.63.7;63;103;79;51;8;33;0;0.243584;72;5.793164;25
g.63.8;63;105;74;53;7;40;0;0.356825;38;6.537952;13
g.63.9;63;101;74;53;8;39;0;0.116614;13;1.127090;1
g.63.10;63;102;80;52;5;29;0;0.265544;73;5.791822;29
g.64.1;64;102;73;55;7;39;0;0.113296;12;0.615977;0
g.64.2;64;104;81;51;6;37;0;0.341426;56;7.454690;30
g.64.3;64;105;81;52;8;31;0;0.371888;114;6.434227;35
g.64.4;64;105;76;54;8;32;0;0.117529;6;1.988888;1
g.64.5;64;105;79;53;9;35;0;0.179684;45;3.039509;3
g.64.6;64;106;76;52;9;43;0;0.205257;16;6.797003;11
g.64.7;64;108;77;53;8;33;0;0.183771;45;5.990222;27
g.64.8;64;104;79;51;11;34;0;0.274835;63;6.562026;20
g.64.9;64;107;78;51;9;32;0;0.162539;32;5.711112;21
g.64.10;64;104;81;52;6;33;0;0.196321;44;7.557428;15
g.65.1;65;107;77;53;9;39;0;0.256446;22;6.829428;12
g.65.2;65;109;78;54;7;36;0;0.278276;13;6.825243;13
g.65.3;65;107;81;50;11;30;0;0.765677;87;6.621848;21
g.65.4;65;105;79;56;6;40;0;0.288523;47;6.139852;12
g.65.5;65;105;77;52;7;31;0;0.336711;35;7.706545;13
g.65.6;65;106;79;53;9;35;0;0.367134;41;6.806096;15
g.65.7;65;105;80;52;10;33;0;0.472981;29;6.728734;23
g.65.8;65;108;80;51;9;36;0;0.347392;26;7.270451;14
g.65.9;65;104;82;51;7;36;0;0.424322;38;8.808888;20
g.65.10;65;109;81;52;7;34;0;0.452788;67;6.584688;33
g.66.1;66;108;79;53;9;43;0;0.287796;14;7.259095;9
g.66.2;66;107;81;54;7;29;0;0.298606;38;7.214925;25
g.66.3;66;108;81;53;10;33;0;0.387187;46;8.120423;18
g.66.4;66;110;82;53;10;39;0;0.359967;42;6.986293;17
g.66.5;66;108;81;56;4;30;0;0.230479;26;7.163477;17
g.66.6;66;105;84;49;8;35;0;0.377186;23;6.606367;18
g.66.7;66;110;83;55;7;39;0;0.660197;57;7.827371;25
g.66.8;66;108;76;58;6;39;0;0.293319;30;6.515021;11
g.66.9;66;110;75;59;5;40;0;0.178725;17;6.286221;8
g.66.10;66;108;76;56;8;44;0;0.210744;14;7.217455;5
g.67.1;67;109;83;54;8;37;0;0.409487;50;6.977023;18
g.67.2;67;110;82;52;11;28;0;0.380432;29;6.717010;23
g.67.3;67;108;84;56;8;36;0;0.372090;34;6.294001;12
g.67.4;67;109;79;55;10;42;0;0.321034;25;7.321526;13
g.67.5;67;111;82;54;10;37;0;0.475681;51;7.904784;23
g.67.6;67;108;86;54;9;33;0;0.821673;47;7.363306;34
g.67.7;67;111;82;52;11;38;0;0.452234;21;7.054878;27
g.67.8;67;107;85;57;9;27;0;0.350864;47;6.329034;36
g.67.9;67;106;82;53;10;37;0;0.325142;48;6.634088;23
g.67.10;67;112;82;55;8;38;0;0.387457;42;6.509053;19
g.68.1;68;111;84;51;9;31;0;0.230719;26;7.941855;20
g.68.2;68;113;84;57;8;35;0;0.278086;22;7.057059;12
g.68.3;68;110;87;56;7;29;0;0.502488;36;7.148386;36
g.68.4;68;109;86;56;8;37;0;0.799308;50;8.052799;23
g.68.5;68;114;82;53;12;40;0;0.370241;38;7.185401;15
g.68.6;68;114;78;58;7;50;0;0.327747;11;6.317711;5
g.68.7;68;112;82;57;9;37;0;0.384251;25;6.993071;12
g.68.8;68;110;86;56;10;32;0;0.909157;33;7.462429;24
g.68.9;68;111;79;59;7;46;0;0.331192;23;6.376248;9
g.68.10;68;108;82;55;8;39;0;0.364654;36;7.478973;14
g.69.1;69;115;87;54;11;35;0;0.855922;85;8.909747;36
g.69.2;69;109;84;57;8;42;0;0.382769;43;9.458094;20
g.69.3;69;112;82;57;9;39;0;0.236184;32;6.719424;10
g.69.4;69;117;86;56;9;33;0;0.435348;66;9.220476;24
g.69.5;69;113;86;55;7;28;0;0.743591;71;7.749849;35
g.69.6;69;114;83;56;9;40;0;0.545650;41;6.777416;16
g.69.7;69;117;86;58;7;38;0;0.920485;61;9.834563;36
g.69.8;69;110;86;54;10;36;0;0.867738;52;7.359103;20
g.69.9;69;112;85;58;9;40;0;0.371926;32;7.552495;20
g.69.10;69;111;86;58;8;34;0;0.528051;81;7.074539;27
g.70.1;70;115;92;55;12;27;0;0.821383;127;9.053480;44
g.70.2;70;118;80;60;9;45;0;0.333464;14;7.937463;5
g.70.3;70;114;84;57;10;49;0;0.348339;22;7.711830;11
g.70.4;70;118;87;57;9;42;0;0.419115;56;6.630690;17
g.70.5;70;115;82;59;7;40;0;0.304271;28;7.826673;11
g.70.6;70;113;83;58;9;45;0;0.451745;12;8.419677;12
g.70.7;70;117;90;58;9;33;0;0.613845;59;7.457478;26
g.70.8;70;114;85;56;9;48;0;0.450596;21;6.602778;9
g.70.9;70;114;90;53;10;34;0;0.492330;39;6.914043;23
g.70.10;70;113;88;57;7;38;0;0.414165;42;8.223716;23
g.71.1;71;118;87;58;10;34;0;0.775166;73;8.206447;31
g.71.2;71;116;90;56;8;39;0;0.655382;83;7.635662;30
g.71.3;71;117;90;56;9;33;0;0.727375;62;8.674307;27
g.71.4;71;121;88;57;8;42;0;0.486657;46;8.410727;19
g.71.5;71;115;86;57;11;43;0;0.584951;53;8.338727;21
g.71.6;71;117;90;56;10;36;0;0.524089;32;7.731063;31
g.71.7;71;113;91;55;10;39;0;0.605250;76;8.751065;33
g.71.8;71;119;84;59;10;39;0;0.267946;34;6.987181;11
g.71.9;71;114;84;59;9;40;0;0.300867;11;6.291028;5
g.71.10;71;116;93;54;10;36;0;0.886098;56;8.584549;35
g.72.1;72;114;92;57;7;42;0;0.545034;37;7.724903;29
g.72.2;72;120;90;62;9;39;0;0.541316;43;7.306999;22
g.72.3;72;119;93;54;10;31;0;0.465018;42;7.281515;32
g.72.4;72;120;89;63;6;40;0;0.427552;59;5.989980;24
g.72.5;72;119;90;54;12;38;0;0.532441;38;7.173894;20
g.72.6;72;120;89;58;9;40;0;1.489275;44;8.284979;33
g.72.7;72;117;90;59;8;36;0;0.755368;44;8.318355;19
g.72.9;72;116;87;59;10;46;0;0.967738;28;9.524253;15
g.72.10;72;118;93;61;6;33;0;0.735440;73;7.343445;34
g.73.1;73;122;92;61;6;43;0;0.403937;27;7.558462;16
g.73.2;73;118;91;61;9;33;0;0.396808;70;6.526132;28
g.73.3;73;120;89;60;8;45;0;0.256005;31;6.598130;17
g.73.4;73;120;88;60;9;41;0;0.206375;52;6.059529;14
g.73.5;73;119;93;59;8;37;0;0.407853;84;7.665126;22
g.73.6;73;120;89;60;9;30;0;0.304420;72;8.230807;24
g.73.7;73;122;91;61;10;33;0;0.406854;44;7.601205;22
g.73.8;73;119;88;59;10;41;0;1.112202;32;17.628761;25
g.73.9;73;119;91;61;9;35;0;0.668824;66;9.119155;31
g.73.10;73;119;90;61;7;40;0;0.453454;42;7.370317;24
g.74.1;74;123;98;63;8;39;0;0.704613;87;9.499415;33
g.74.2;74;122;98;57;10;29;0;1.103038;108;8.626214;50
g.74.3;74;122;92;58;11;45;0;0.390793;20;6.783911;20
g.74.4;74;120;88;60;9;40;0;0.437492;24;6.456930;16
g.74.5;74;119;92;61;11;38;0;0.734960;61;6.976103;36
g.74.6;74;119;91;59;9;43;0;0.636443;56;7.897712;17
g.74.7;74;123;91;61;10;38;0;0.460495;35;8.203668;25
g.74.8;74;121;88;62;10;42;0;0.540006;48;10.708057;19
g.74.9;74;118;91;60;11;45;0;0.497190;37;6.905792;14
g.74.10;74;120;92;62;8;46;0;0.440877;68;8.241328;14
g.75.1;75;122;93;59;10;30;0;0.890350;60;8.897991;36
g.75.2;75;123;90;62;8;49;0;0.646083;26;8.615007;16
g.75.3;75;120;95;60;12;32;0;1.166372;69;8.736277;31
g.75.4;75;123;90;63;9;47;0;0.840362;47;7.182527;24
g.75.5;75;120;92;60;11;41;0;0.562476;22;8.681795;19
g.75.6;75;125;96;59;11;36;0;0.751240;47;6.521104;34
g.75.7;75;123;95;57;11;38;0;0.507644;90;7.230481;30
g.75.8;75;122;92;60;10;36;0;0.458462;30;6.611617;21
g.75.9;75;125;90;60;9;31;0;0.253638;24;7.150268;12
g.75.10;75;124;89;62;9;46;0;0.815409;42;7.579867;13
g.76.1;76;126;94;61;8;38;0;0.691843;70;8.149540;25
g.76.2;76;126;90;61;11;49;0;0.347485;47;6.469994;17
g.76.3;76;125;96;61;10;39;0;1.174626;72;11.264920;45
g.76.4;76;123;96;63;10;33;0;0.439235;73;7.797436;35
g.76.5;76;124;89;64;10;49;0;0.554728;30;8.789733;17
g.76.6;76;126;88;64;10;40;0;0.315971;28;6.139931;10
g.76.7;76;123;95;62;9;43;0;0.581767;61;9.227836;35
g.76.8;76;123;92;62;11;47;0;0.554297;39;7.022907;16
g.76.9;76;125;94;64;9;41;0;0.491300;69;7.598760;18
g.76.10;76;124;95;59;10;43;0;0.674468;87;7.582866;38
g.77.1;77;124;99;62;12;35;0;0.837080;90;8.099416;36
g.77.2;77;128;89;66;10;49;0;0.512463;19;9.591835;11
g.77.3;77;125;95;63;11;37;0;0.589679;54;7.562250;26
g.77.4;77;128;94;62;12;45;0;0.517496;61;7.220571;21
g.77.5;77;125;90;64;10;44;0;0.350932;42;6.946480;17
g.77.6;77;126;91;65;9;50;0;0.448316;30;8.338476;19
g.77.7;77;124;99;61;9;36;0;0.800540;54;7.693441;42
g.77.8;77;124;91;67;8;49;0;0.587650;44;10.403511;22
g.77.9;77;126;93;64;10;45;0;0.714123;33;7.733362;19
g.77.10;77;125;95;65;8;37;0;0.556904;59;27.192820;26
g.78.1;78;131;92;68;9;52;0;0.629762;44;7.357940;20
g.78.2;78;130;97;60;13;42;0;0.976958;57;7.900119;33
g.78.3;78;130;97;65;10;43;0;1.286217;39;10.361554;17
g.78.4;78;131;92;62;10;50;0;0.588764;28;7.088245;8
g.78.5;78;128;99;63;10;38;0;0.689353;64;7.286614;28
g.78.6;78;129;91;65;9;51;0;0.435081;19;6.804637;13
g.78.7;78;126;100;63;9;35;0;0.425376;65;7.890427;37
g.78.8;78;128;100;63;9;36;0;0.627972;50;6.703469;35
g.78.9;78;130;92;63;11;50;0;0.229062;33;6.068744;11
g.78.10;78;127;94;66;9;49;0;0.309873;38;6.844202;18
g.79.1;79;132;97;67;8;35;0;0.294527;67;6.200674;34
g.79.2;79;130;99;62;11;35;0;0.542596;67;8.165147;36
g.79.3;79;130;98;63;9;41;0;0.709683;40;10.598548;24
g.79.4;79;130;101;64;10;39;0;0.767302;55;7.832363;28
g.79.5;79;128;94;67;9;42;0;0.532365;53;8.933381;21
g.79.6;79;128;99;66;9;37;0;0.657089;52;9.332378;30
g.79.7;79;130;96;63;10;37;0;0.612224;76;6.694074;35
g.79.8;79;129;100;63;10;38;0;0.752653;109;7.525075;40
g.79.9;79;131;99;62;13;40;0;0.465965;38;8.023362;26
g.79.10;79;128;97;67;8;39;0;0.722065;65;8.230586;23
g.80.1;80;131;101;65;9;37;0;0.652415;53;8.881625;45
g.80.2;80;130;99;68;10;40;0;0.715409;85;7.946364;34
g.80.3;80;133;100;69;9;46;0;0.841859;84;8.281778;31
g.80.4;80;130;101;66;9;39;0;0.227826;57;6.422110;32
g.80.5;80;128;100;66;10;48;0;0.311319;34;6.486859;29
g.80.6;80;130;98;66;10;44;0;0.247530;55;7.842939;23
g.80.7;80;132;103;62;8;39;0;0.488373;63;8.560387;33
g.80.8;80;131;103;65;11;32;0;0.808309;73;8.314632;51
g.80.9;80;130;95;70;8;54;0;0.545668;53;7.852543;11
g.80.10;80;132;95;66;10;39;0;0.699376;44;7.200292;24
g.81.1;81;137;96;66;12;48;0;0.461446;29;8.343620;17
g.81.2;81;133;105;69;8;35;0;0.939835;85;8.056133;43
g.81.3;81;131;100;64;11;46;0;0.487595;37;8.487348;31
g.81.4;81;131;101;66;12;38;0;0.533930;55;7.297097;26
g.81.5;81;135;101;65;11;41;0;0.741477;75;7.293419;29
g.81.6;81;132;106;66;11;34;0;1.063118;147;9.751655;69
g.81.7;81;135;96;67;10;49;0;0.482926;14;7.351678;9
g.81.8;81;133;96;65;14;56;0;0.771792;24;10.461584;12
g.81.9;81;132;103;67;10;30;0;0.496316;49;9.051482;30
g.81.10;81;131;97;67;10;56;0;0.835482;73;9.710104;18
g.82.1;82;136;99;68;10;46;0;0.855067;43;9.163929;28
g.82.2;82;135;107;67;9;34;0;0.450953;65;7.176849;40
g.82.3;82;138;99;68;11;43;0;0.726955;28;7.259115;20
g.82.4;82;134;104;64;8;38;0;0.369972;28;7.175045;26
g.82.5;82;137;96;68;9;55;0;0.604597;30;8.294481;16
g.82.6;82;131;102;70;9;38;0;0.662636;74;7.210098;28
g.82.7;82;133;102;66;11;52;0;1.084904;15;8.883338;20
g.82.8;82;131;104;64;13;44;0;0.871901;45;7.996366;38
g.82.9;82;133;105;64;9;35;0;0.567369;69;8.790987;35
g.82.10;82;138;104;62;14;42;0;1.277647;113;10.117262;34
g.83.1;83;134;108;69;10;35;0;0.595556;78;7.275823;27
g.83.2;83;139;101;70;9;41;0;0.550854;50;10.172265;28
g.83.3;83;134;103;70;8;41;0;0.391614;49;7.390049;35
g.83.4;83;139;99;66;11;50;0;0.678265;62;7.999818;20
g.83.5;83;135;106;66;11;41;0;0.682654;102;8.658265;34
g.83.6;83;136;99;68;13;52;0;1.055267;21;11.599092;21
g.83.7;83;131;108;67;10;30;0;0.650747;76;8.305473;36
g.83.8;83;137;99;67;13;45;0;0.581756;54;6.869908;30
g.83.9;83;137;104;65;10;46;0;0.696442;38;7.608703;28
g.83.10;83;135;99;67;13;47;0;0.681267;74;9.712779;23
g.84.1;84;137;98;71;8;41;0;0.286992;32;6.641373;16
g.84.2;84;140;104;70;8;53;0;0.714268;26;7.410426;28
g.84.3;84;138;105;69;10;35;0;0.413718;22;7.384129;21
g.84.4;84;138;103;66;14;44;0;0.850118;78;10.752213;32
g.84.5;84;136;105;64;12;42;0;1.098139;61;12.479943;34
g.84.6;84;139;103;70;8;51;0;0.572129;77;7.358086;28
g.84.7;84;135;101;70;10;44;0;0.199986;23;14.202880;21
g.84.8;84;142;106;71;8;34;0;0.659323;70;7.875127;28
g.84.9;84;137;104;69;12;45;0;1.077340;87;15.221906;32
g.84.10;84;139;107;66;11;38;0;0.537820;72;8.379599;41
g.85.1;85;142;103;70;13;48;0;0.827910;56;8.671376;22
g.85.2;85;137;104;68;13;54;0;0.908275;33;8.031984;21
g.85.3;85;140;102;69;11;45;0;0.581734;33;8.225345;14
g.85.4;85;136;101;71;12;56;0;0.593969;50;7.508955;15
g.85.5;85;142;106;70;12;43;0;1.338690;68;10.765184;32
g.85.6;85;141;103;70;10;50;0;0.782357;58;9.145712;18
g.85.7;85;141;109;67;9;35;0;0.818844;90;8.591719;43
g.85.8;85;142;105;70;11;45;0;0.821094;56;7.943399;37
g.85.9;85;136;105;73;8;45;0;0.768029;73;9.028921;36
g.85.10;85;138;106;72;7;35;0;0.764614;88;7.954526;29
g.86.1;86;139;103;72;8;49;0;0.673448;48;7.234909;22
g.86.2;86;140;111;68;13;40;0;1.017245;41;7.083367;41
g.86.3;86;142;104;71;11;46;0;0.963879;92;8.048288;26
g.86.4;86;139;113;66;13;37;0;1.171266;89;11.741487;57
g.86.5;86;141;109;68;13;43;0;1.375300;97;11.921598;47
g.86.6;86;143;108;70;9;46;0;0.731836;46;8.968915;33
g.86.7;86;145;107;69;10;39;0;0.724112;91;10.531531;35
g.86.8;86;139;110;72;10;44;0;0.892638;69;11.512030;37
g.86.9;86;145;113;71;10;34;0;1.211723;106;9.975415;57
g.86.10;86;141;105;68;12;43;0;0.316680;32;7.742815;21
g.87.1;87;142;101;75;8;64;0;0.641531;20;7.217468;10
g.87.2;87;146;107;69;12;49;0;0.767151;26;8.409083;23
g.87.3;87;140;106;75;9;46;0;0.835998;91;9.914179;20
g.87.4;87;143;106;72;11;49;0;0.618935;62;7.868464;19
g.87.5;87;145;106;74;11;42;0;0.583529;74;8.215693;30
g.87.6;87;145;111;68;14;36;0;0.584595;101;8.098646;42
g.87.7;87;143;105;72;8;47;0;0.579507;79;9.304026;27
g.87.8;87;140;111;70;11;35;0;0.477377;60;8.392398;34
g.87.9;87;144;107;69;10;44;0;0.871536;26;8.655345;26
g.87.10;87;140;107;70;11;45;0;1.121482;69;12.270679;38
g.88.1;88;145;110;69;14;45;0;1.204383;110;15.085719;53
g.88.2;88;147;105;75;10;62;0;0.914935;54;8.791710;23
g.88.3;88;148;114;73;10;36;0;0.586970;109;7.332185;43
g.88.4;88;142;115;67;15;39;0;0.734158;67;8.052806;34
g.88.5;88;144;115;70;13;39;0;0.938973;68;9.430088;45
g.88.6;88;144;111;76;10;34;0;1.084122;85;9.083272;47
g.88.7;88;144;109;69;12;44;0;0.889229;55;8.657846;29
g.88.8;88;144;108;73;9;38;0;1.245210;97;8.187992;40
g.88.9;88;145;113;70;12;35;0;1.013992;87;10.735405;64
g.88.10;88;144;109;68;12;44;0;1.151757;29;8.528049;28
g.89.1;89;146;108;74;10;51;0;0.814902;78;9.875522;30
g.89.2;89;146;113;66;12;41;0;0.850557;101;7.947657;48
g.89.3;89;148;106;77;10;58;0;0.910740;63;7.999493;29
g.89.4;89;146;107;74;12;57;0;1.204762;95;11.313121;27
g.89.5;89;147;112;69;12;38;0;1.471099;118;12.631698;73
g.89.6;89;147;111;69;14;40;0;0.714681;85;7.408093;40
g.89.7;89;146;108;73;10;51;0;0.431443;28;6.938871;17
g.89.8;89;146;108;72;13;43;0;1.163493;91;10.631115;46
g.89.9;89;147;104;75;10;57;0;0.414280;47;7.868679;12
g.89.10;89;148;106;73;11;46;0;0.579170;32;8.513818;30
g.90.1;90;147;111;71;14;54;0;0.953775;42;10.559278;21
g.90.2;90;146;107;72;13;56;0;0.746378;46;8.569400;15
g.90.3;90;147;109;75;12;51;0;0.923208;38;9.006370;41
g.90.4;90;150;108;72;15;52;0;0.843874;47;9.176908;28
g.90.5;90;147;108;73;15;54;0;0.820232;82;8.510819;28
g.90.6;90;147;113;74;11;41;0;0.694581;64;10.615231;31
g.90.7;90;146;111;73;14;44;0;0.731548;53;9.670306;26
g.90.8;90;148;117;69;12;38;0;1.178338;118;9.453557;54
g.90.9;90;151;107;75;10;50;0;0.740074;80;7.701694;28
g.90.10;90;151;119;69;14;36;0;1.271039;104;11.855592;73
g.91.1;91;147;112;71;11;50;0;1.101338;76;11.415009;33
g.91.2;91;149;115;69;14;44;0;0.949548;91;9.449682;27
g.91.3;91;151;111;76;10;54;0;1.548083;73;8.191792;20
g.91.4;91;150;108;74;12;45;0;0.874195;59;7.601112;26
g.91.5;91;151;115;73;12;46;0;1.928848;116;9.204944;56
g.91.6;91;152;109;74;15;42;0;0.689524;80;7.870693;32
g.91.7;91;151;113;75;13;44;0;1.030167;87;12.442844;45
g.91.8;91;154;110;74;15;56;0;0.888738;30;10.386174;20
g.91.9;91;148;114;76;10;46;0;1.019013;49;7.906023;29
g.91.10;91;150;114;69;16;47;0;1.149884;55;12.762297;42
g.92.1;92;153;111;78;11;46;0;0.663267;28;8.296214;29
g.92.2;92;150;113;78;9;56;0;0.721868;34;9.388574;26
g.92.3;92;149;114;75;11;46;0;0.835431;37;10.502047;33
g.92.4;92;150;117;77;11;45;0;1.064862;68;10.264233;50
g.92.5;92;150;114;74;11;48;0;0.381746;36;7.913346;19
g.92.6;92;153;115;77;11;46;0;0.848373;68;8.252617;36
g.92.7;92;149;111;76;11;62;0;0.892946;67;9.035220;17
g.92.8;92;151;112;73;13;61;0;0.933212;60;9.213651;23
g.92.9;92;150;109;79;11;54;0;0.687254;61;7.581767;23
g.92.10;92;150;111;75;14;47;0;1.653696;113;9.063335;40
g.93.1;93;156;114;77;12;52;0;1.230296;97;10.758041;27
g.93.2;93;155;115;77;13;52;0;1.483552;113;9.014031;46
g.93.3;93;156;117;74;14;54;0;1.215305;72;11.904746;43
g.93.4;93;150;118;77;11;42;0;1.243708;125;12.837468;65
g.93.5;93;155;118;73;14;55;0;1.507386;78;9.298855;42
g.93.6;93;150;113;76;11;49;0;0.894265;44;12.964390;31
g.93.7;93;151;117;74;10;42;0;1.074142;83;8.755766;47
g.93.8;93;149;110;81;9;70;0;0.658069;69;9.124513;16
g.93.9;93;152;114;77;10;50;0;1.023810;30;16.764014;26
g.93.10;93;152;110;80;12;40;0;0.914903;69;13.592372;37
g.94.1;94;159;113;78;13;47;0;0.639251;85;9.131802;29
g.94.2;94;154;116;77;12;51;0;0.948827;84;7.809196;30
g.94.3;94;154;119;73;15;43;0;2.281735;114;11.401365;74
g.94.4;94;153;114;80;11;49;0;1.143373;87;11.489366;40
g.94.5;94;155;118;75;15;48;0;1.446092;74;8.943793;55
g.94.6;94;154;119;81;9;38;0;1.391254;101;8.708563;51
g.94.7;94;157;115;75;13;54;0;1.905311;80;9.465655;39
g.94.8;94;155;117;77;15;54;0;1.211059;79;12.286732;36
g.94.9;94;154;114;76;14;55;0;1.067506;33;11.653156;34
g.94.10;94;154;114;79;14;54;0;0.957307;38;8.694987;30
g.95.1;95;158;116;76;13;44;0;0.892099;51;10.865134;36
g.95.2;95;154;119;76;14;50;0;1.716608;57;9.217157;41
g.95.3;95;157;119;78;12;55;0;1.538901;96;14.425835;34
g.95.4;95;153;113;81;12;61;0;0.825066;67;10.255693;27
g.95.5;95;153;112;79;11;62;0;0.782167;43;9.174845;18
g.95.6;95;159;120;76;14;45;0;1.165487;98;10.851773;45
g.95.7;95;157;118;74;16;49;0;1.012451;61;14.029570;47
g.95.8;95;153;123;76;10;42;0;1.176102;109;12.820469;50
g.95.9;95;157;116;79;11;53;0;1.328888;106;14.251363;49
g.95.10;95;154;114;80;10;53;0;0.968161;53;11.009802;33
g.96.1;96;155;118;80;13;51;0;1.840491;114;9.394727;48
g.96.2;96;156;120;76;13;46;0;1.581416;152;8.885850;45
g.96.3;96;155;116;79;11;56;0;1.107098;68;9.492029;26
g.96.4;96;156;118;79;12;52;0;1.065377;57;10.768144;35
g.96.5;96;162;122;73;14;51;0;1.527345;140;8.327809;48
g.96.6;96;158;114;83;11;53;0;0.573533;21;10.118405;21
g.96.7;96;155;121;76;11;44;0;1.505795;122;9.037066;55
g.96.8;96;160;116;79;9;55;0;0.691769;39;7.929228;31
g.96.9;96;157;120;79;11;41;0;1.017715;88;9.437093;57
g.96.10;96;159;120;76;15;44;0;0.809187;68;11.160106;42
g.97.1;97;161;122;81;13;56;0;0.659725;72;9.498010;29
g.97.2;97;158;120;78;15;47;0;1.350722;109;13.502168;46
g.97.3;97;159;112;83;12;66;0;0.872547;37;9.136269;18
g.97.4;97;160;124;82;9;45;0;2.008597;88;9.969084;66
g.97.5;97;161;119;77;12;54;0;0.681396;49;9.443237;25
g.97.6;97;155;119;81;10;50;0;1.106935;55;9.372801;40
g.97.7;97;160;126;74;15;43;0;1.316928;78;8.557624;56
g.97.8;97;160;120;79;15;46;0;1.618253;115;9.146285;46
g.97.9;97;158;124;79;10;53;0;1.258742;107;8.962158;53
g.97.10;97;162;117;80;12;50;0;0.948384;54;12.563819;26
g.98.1;98;160;123;81;13;52;0;1.446629;62;9.300288;48
g.98.2;98;157;123;80;14;51;0;1.598287;73;8.844958;48
g.98.3;98;164;123;78;13;47;0;1.435977;111;8.434361;38
g.98.4;98;162;121;82;9;58;0;1.316023;67;9.264725;39
g.98.5;98;162;121;83;7;48;0;0.664205;65;8.274847;34
g.98.6;98;160;124;80;15;47;0;1.235034;59;11.632530;47
g.98.7;98;159;120;80;14;53;0;0.807874;80;11.064150;28
g.98.8;98;162;121;80;15;50;0;1.647136;73;9.845858;55
g.98.9;98;165;122;81;12;53;0;1.157371;57;8.603816;31
g.98.10;98;162;125;80;12;44;0;1.813463;62;9.921231;64
g.99.1;99;164;125;80;11;51;0;1.377588;103;9.012410;42
g.99.2;99;162;119;79;13;49;0;0.725433;32;11.337756;32
g.99.3;99;162;123;80;12;44;0;0.786990;92;9.119395;47
g.99.4;99;164;130;78;13;40;0;2.011471;94;11.836441;71
g.99.5;99;161;120;83;11;50;0;0.906823;53;13.139375;30
g.99.6;99;164;125;80;10;52;0;0.977311;50;10.288339;38
g.99.7;99;162;126;76;15;49;0;1.460500;134;8.915254;50
g.99.8;99;162;125;80;16;51;0;3.687800;177;10.735297;63
g.99.9;99;161;125;81;11;52;0;1.335077;96;8.739162;41
g.99.10;99;163;125;80;11;48;0;0.963258;99;10.462899;40
g.100.1;100;167;126;79;15;47;0;1.716526;125;9.708340;62
g.100.2;100;165;122;82;11;50;0;1.236704;105;10.955816;40
g.100.3;100;165;116;87;11;57;0;1.498494;85;10.842077;32
g.100.5;100;164;120;83;13;49;0;0.808137;70;7.978489;36
g.100.6;100;165;123;82;11;61;0;1.289949;105;12.831591;33
g.100.7;100;166;124;84;12;46;0;1.106931;144;11.781673;30
g.100.8;100;167;118;85;10;61;0;1.146282;49;9.890813;28
g.100.9;100;166;126;86;12;47;0;1.161834;102;12.978271;49
g.100.10;100;163;125;80;12;54;0;1.427653;119;8.809594;45
