instance;method;crossings;time_ms
00-crossing_minimization-9-0;Natural;27,1400;108,9166
00-crossing_minimization-9-0;Propagation;37;86,7012
00-crossing_minimization-9-0;Barycenter;35;106,3766
00-crossing_minimization-9-0;ILP-HiGHS;19;30134,8825
00-crossing_minimization-9-0;ILP-Gurobi;19;283,6862
01-crossing_minimization-9-0;Natural;23,3800;88,5926
01-crossing_minimization-9-0;Propagation;26;97,5691
01-crossing_minimization-9-0;Barycenter;26;82,6680
01-crossing_minimization-9-0;ILP-HiGHS;15;14863,1798
01-crossing_minimization-9-0;ILP-Gurobi;15;133,2662
02-crossing_minimization-9-0;Natural;25,3400;89,6265
02-crossing_minimization-9-0;Propagation;28;74,6478
02-crossing_minimization-9-0;Barycenter;18;99,8651
02-crossing_minimization-9-0;ILP-HiGHS;18;19949,1209
02-crossing_minimization-9-0;ILP-Gurobi;18;235,3345
03-crossing_minimization-9-0;Natural;28,0600;88,2714
03-crossing_minimization-9-0;Propagation;37;85,9029
03-crossing_minimization-9-0;Barycenter;34;69,6863
03-crossing_minimization-9-0;ILP-HiGHS;21;30171,8733
03-crossing_minimization-9-0;ILP-Gurobi;21;203,1123
04-crossing_minimization-9-0;Natural;24,0600;88,7890
04-crossing_minimization-9-0;Propagation;27;85,4755
04-crossing_minimization-9-0;Barycenter;20;94,0027
04-crossing_minimization-9-0;ILP-HiGHS;11;13007,9715
04-crossing_minimization-9-0;ILP-Gurobi;11;143,5099
05-crossing_minimization-9-0;Natural;36,2000;86,0958
05-crossing_minimization-9-0;Propagation;33;85,4144
05-crossing_minimization-9-0;Barycenter;32;73,5493
05-crossing_minimization-9-0;ILP-HiGHS;30;21854,1683
05-crossing_minimization-9-0;ILP-Gurobi;30;295,0182
06-crossing_minimization-9-0;Natural;28,3400;88,8862
06-crossing_minimization-9-0;Propagation;32;96,2765
06-crossing_minimization-9-0;Barycenter;29;100,0673
06-crossing_minimization-9-0;ILP-HiGHS;22;30106,5602
06-crossing_minimization-9-0;ILP-Gurobi;22;223,5125
07-crossing_minimization-9-0;Natural;22,1200;94,8029
07-crossing_minimization-9-0;Propagation;30;69,0449
07-crossing_minimization-9-0;Barycenter;15;92,4910
07-crossing_minimization-9-0;ILP-HiGHS;15;12272,5192
07-crossing_minimization-9-0;ILP-Gurobi;15;151,4827
08-crossing_minimization-9-0;Natural;28,5000;89,3393
08-crossing_minimization-9-0;Propagation;25;86,1134
08-crossing_minimization-9-0;Barycenter;22;91,4997
08-crossing_minimization-9-0;ILP-HiGHS;22;16096,9659
08-crossing_minimization-9-0;ILP-Gurobi;22;234,7510
09-crossing_minimization-9-0;Natural;25,7200;89,9658
09-crossing_minimization-9-0;Propagation;23;72,4025
09-crossing_minimization-9-0;Barycenter;25;82,5916
09-crossing_minimization-9-0;ILP-HiGHS;22;20299,4773
09-crossing_minimization-9-0;ILP-Gurobi;22;231,1544
10-crossing_minimization-10-0;Natural;49,6200;111,4239
10-crossing_minimization-10-0;Propagation;48;104,8165
10-crossing_minimization-10-0;Barycenter;51;100,2416
10-crossing_minimization-10-0;ILP-HiGHS;35;30143,1092
10-crossing_minimization-10-0;ILP-Gurobi;35;1302,6041
11-crossing_minimization-10-0;Natural;43,1600;404,9531
11-crossing_minimization-10-0;Propagation;34;400,6638
11-crossing_minimization-10-0;Barycenter;34;382,7645
11-crossing_minimization-10-0;ILP-HiGHS;34;30563,3825
11-crossing_minimization-10-0;ILP-Gurobi;33;1031,4718
12-crossing_minimization-10-0;Natural;50,6000;397,9194
12-crossing_minimization-10-0;Propagation;49;388,1542
12-crossing_minimization-10-0;Barycenter;53;433,8199
12-crossing_minimization-10-0;ILP-HiGHS;45;30687,0900
12-crossing_minimization-10-0;ILP-Gurobi;36;1294,1175
13-crossing_minimization-10-0;Natural;53,3400;399,7050
13-crossing_minimization-10-0;Propagation;62;378,4480
13-crossing_minimization-10-0;Barycenter;58;337,1807
13-crossing_minimization-10-0;ILP-HiGHS;54;30499,5365
13-crossing_minimization-10-0;ILP-Gurobi;42;1488,2117
14-crossing_minimization-10-0;Natural;52,0400;422,5341
14-crossing_minimization-10-0;Propagation;50;386,1095
14-crossing_minimization-10-0;Barycenter;46;465,9076
14-crossing_minimization-10-0;ILP-HiGHS;46;31221,7641
14-crossing_minimization-10-0;ILP-Gurobi;46;1630,4726
15-crossing_minimization-10-0;Natural;52,0200;405,3940
15-crossing_minimization-10-0;Propagation;51;435,6384
15-crossing_minimization-10-0;Barycenter;62;431,7402
15-crossing_minimization-10-0;ILP-HiGHS;62;30605,9731
15-crossing_minimization-10-0;ILP-Gurobi;37;1403,8785
16-crossing_minimization-10-0;Natural;51,5200;354,8285
16-crossing_minimization-10-0;Propagation;54;376,3521
16-crossing_minimization-10-0;Barycenter;51;339,5326
16-crossing_minimization-10-0;ILP-HiGHS;51;30470,6804
16-crossing_minimization-10-0;ILP-Gurobi;46;2896,3877
17-crossing_minimization-10-0;Natural;37,0400;313,7593
17-crossing_minimization-10-0;Propagation;29;312,3771
17-crossing_minimization-10-0;Barycenter;29;324,7877
17-crossing_minimization-10-0;ILP-HiGHS;29;32632,3564
17-crossing_minimization-10-0;ILP-Gurobi;25;748,0707
18-crossing_minimization-10-0;Natural;54,9800;307,4369
18-crossing_minimization-10-0;Propagation;48;304,2158
18-crossing_minimization-10-0;Barycenter;48;309,8678
18-crossing_minimization-10-0;ILP-HiGHS;43;30280,3578
18-crossing_minimization-10-0;ILP-Gurobi;43;383,2326
19-crossing_minimization-10-0;Natural;39,9400;326,7677
19-crossing_minimization-10-0;Propagation;30;321,8719
19-crossing_minimization-10-0;Barycenter;30;322,1004
19-crossing_minimization-10-0;ILP-HiGHS;30;30624,8310
19-crossing_minimization-10-0;ILP-Gurobi;30;1047,9372
20-crossing_minimization-8-0;Natural;25,3600;361,9196
20-crossing_minimization-8-0;Propagation;26;343,7650
20-crossing_minimization-8-0;Barycenter;27;347,9398
20-crossing_minimization-8-0;ILP-HiGHS;27;31293,6402
20-crossing_minimization-8-0;ILP-Gurobi;19;758,0181
21-crossing_minimization-8-0;Natural;22,5800;358,8566
21-crossing_minimization-8-0;Propagation;24;370,0722
21-crossing_minimization-8-0;Barycenter;24;350,3456
21-crossing_minimization-8-0;ILP-HiGHS;14;30454,6638
21-crossing_minimization-8-0;ILP-Gurobi;14;647,6715
22-crossing_minimization-8-0;Natural;31,4600;360,0422
22-crossing_minimization-8-0;Propagation;44;344,1567
22-crossing_minimization-8-0;Barycenter;28;370,6309
22-crossing_minimization-8-0;ILP-HiGHS;23;30524,7158
22-crossing_minimization-8-0;ILP-Gurobi;23;711,4380
23-crossing_minimization-8-0;Natural;21,8600;366,6750
23-crossing_minimization-8-0;Propagation;21;342,7741
23-crossing_minimization-8-0;Barycenter;17;388,7778
23-crossing_minimization-8-0;ILP-HiGHS;14;30529,7962
23-crossing_minimization-8-0;ILP-Gurobi;13;582,3358
24-crossing_minimization-8-0;Natural;18,1200;365,2561
24-crossing_minimization-8-0;Propagation;12;347,3269
24-crossing_minimization-8-0;Barycenter;12;346,3217
24-crossing_minimization-8-0;ILP-HiGHS;11;23087,8511
24-crossing_minimization-8-0;ILP-Gurobi;11;637,4196
25-crossing_minimization-8-0;Natural;26,5600;359,5189
25-crossing_minimization-8-0;Propagation;30;387,4568
25-crossing_minimization-8-0;Barycenter;28;396,2439
25-crossing_minimization-8-0;ILP-HiGHS;28;30466,8651
25-crossing_minimization-8-0;ILP-Gurobi;22;918,1643
26-crossing_minimization-8-0;Natural;26,4800;367,6421
26-crossing_minimization-8-0;Propagation;31;352,0329
26-crossing_minimization-8-0;Barycenter;23;342,1818
26-crossing_minimization-8-0;ILP-HiGHS;23;31122,7291
26-crossing_minimization-8-0;ILP-Gurobi;18;632,0766
27-crossing_minimization-8-0;Natural;23,3000;369,0643
27-crossing_minimization-8-0;Propagation;27;359,0292
27-crossing_minimization-8-0;Barycenter;24;342,5598
27-crossing_minimization-8-0;ILP-HiGHS;17;30870,2057
27-crossing_minimization-8-0;ILP-Gurobi;16;656,3256
28-crossing_minimization-8-0;Natural;18,7000;373,6055
28-crossing_minimization-8-0;Propagation;17;405,7165
28-crossing_minimization-8-0;Barycenter;21;400,0245
28-crossing_minimization-8-0;ILP-HiGHS;21;31094,6297
28-crossing_minimization-8-0;ILP-Gurobi;15;592,0569
29-crossing_minimization-8-0;Natural;23,2800;367,8944
29-crossing_minimization-8-0;Propagation;31;370,9092
29-crossing_minimization-8-0;Barycenter;23;368,3312
29-crossing_minimization-8-0;ILP-HiGHS;19;30446,2175
29-crossing_minimization-8-0;ILP-Gurobi;18;589,3214
30-crossing_minimization-9-0;Natural;41,8800;464,5305
30-crossing_minimization-9-0;Propagation;36;512,3196
30-crossing_minimization-9-0;Barycenter;40;457,2443
30-crossing_minimization-9-0;ILP-HiGHS;40;30645,8600
30-crossing_minimization-9-0;ILP-Gurobi;31;1394,6703
31-crossing_minimization-9-0;Natural;38,8800;464,5626
31-crossing_minimization-9-0;Propagation;38;448,7975
31-crossing_minimization-9-0;Barycenter;42;446,3567
31-crossing_minimization-9-0;ILP-HiGHS;36;30530,8239
31-crossing_minimization-9-0;ILP-Gurobi;29;780,0550
32-crossing_minimization-9-0;Natural;49,4200;464,6532
32-crossing_minimization-9-0;Propagation;44;443,5220
32-crossing_minimization-9-0;Barycenter;53;433,8771
32-crossing_minimization-9-0;ILP-HiGHS;53;31447,7288
32-crossing_minimization-9-0;ILP-Gurobi;37;1494,2237
33-crossing_minimization-9-0;Natural;53,7800;466,7319
33-crossing_minimization-9-0;Propagation;49;435,0443
33-crossing_minimization-9-0;Barycenter;43;447,6274
33-crossing_minimization-9-0;ILP-HiGHS;43;30888,0153
33-crossing_minimization-9-0;ILP-Gurobi;37;1143,7201
34-crossing_minimization-9-0;Natural;52,8800;468,3129
34-crossing_minimization-9-0;Propagation;45;492,2628
34-crossing_minimization-9-0;Barycenter;45;439,9306
34-crossing_minimization-9-0;ILP-HiGHS;45;30591,4410
34-crossing_minimization-9-0;ILP-Gurobi;44;2006,9765
35-crossing_minimization-9-0;Natural;41,6600;465,9114
35-crossing_minimization-9-0;Propagation;57;527,9832
35-crossing_minimization-9-0;Barycenter;29;488,1300
35-crossing_minimization-9-0;ILP-HiGHS;29;30626,2285
35-crossing_minimization-9-0;ILP-Gurobi;26;960,7005
36-crossing_minimization-9-0;Natural;47,5200;462,8641
36-crossing_minimization-9-0;Propagation;38;442,9518
36-crossing_minimization-9-0;Barycenter;42;479,1076
36-crossing_minimization-9-0;ILP-HiGHS;42;30704,5690
36-crossing_minimization-9-0;ILP-Gurobi;37;1684,9560
37-crossing_minimization-9-0;Natural;49,4600;457,4156
37-crossing_minimization-9-0;Propagation;53;450,9418
37-crossing_minimization-9-0;Barycenter;37;433,1592
37-crossing_minimization-9-0;ILP-HiGHS;37;31283,0561
37-crossing_minimization-9-0;ILP-Gurobi;37;1308,3220
38-crossing_minimization-9-0;Natural;39,3200;452,9728
38-crossing_minimization-9-0;Propagation;39;434,9342
38-crossing_minimization-9-0;Barycenter;33;470,7777
38-crossing_minimization-9-0;ILP-HiGHS;32;30549,6274
38-crossing_minimization-9-0;ILP-Gurobi;29;965,1676
39-crossing_minimization-9-0;Natural;45,7000;455,4698
39-crossing_minimization-9-0;Propagation;39;522,6748
39-crossing_minimization-9-0;Barycenter;43;468,7336
39-crossing_minimization-9-0;ILP-HiGHS;43;30507,0918
39-crossing_minimization-9-0;ILP-Gurobi;35;1068,0375
40-crossing_minimization-10-0;Natural;84,6000;492,9844
40-crossing_minimization-10-0;Propagation;76;516,0467
40-crossing_minimization-10-0;Barycenter;76;525,3094
40-crossing_minimization-10-0;ILP-HiGHS;76;30649,9315
40-crossing_minimization-10-0;ILP-Gurobi;74;2711,2068
41-crossing_minimization-10-0;Natural;76,7800;540,5224
41-crossing_minimization-10-0;Propagation;64;504,7689
41-crossing_minimization-10-0;Barycenter;60;543,5912
41-crossing_minimization-10-0;ILP-HiGHS;60;30706,5105
41-crossing_minimization-10-0;ILP-Gurobi;59;3000,0693
42-crossing_minimization-10-0;Natural;78,6200;531,4145
42-crossing_minimization-10-0;Propagation;74;549,7963
42-crossing_minimization-10-0;Barycenter;69;522,8728
42-crossing_minimization-10-0;ILP-HiGHS;69;30624,4946
42-crossing_minimization-10-0;ILP-Gurobi;66;6710,8380
43-crossing_minimization-10-0;Natural;83,9400;524,1607
43-crossing_minimization-10-0;Propagation;66;536,6530
43-crossing_minimization-10-0;Barycenter;66;500,9896
43-crossing_minimization-10-0;ILP-HiGHS;66;30669,8823
43-crossing_minimization-10-0;ILP-Gurobi;66;1471,3057
44-crossing_minimization-10-0;Natural;79,0000;535,4985
44-crossing_minimization-10-0;Propagation;95;186,7338
44-crossing_minimization-10-0;Barycenter;96;123,0013
44-crossing_minimization-10-0;ILP-HiGHS;85;30175,7369
44-crossing_minimization-10-0;ILP-Gurobi;61;2087,1482
45-crossing_minimization-10-0;Natural;79,2600;572,3141
45-crossing_minimization-10-0;Propagation;78;560,1333
45-crossing_minimization-10-0;Barycenter;79;604,5746
45-crossing_minimization-10-0;ILP-HiGHS;79;30566,9201
45-crossing_minimization-10-0;ILP-Gurobi;63;2602,3846
46-crossing_minimization-10-0;Natural;84,8800;616,5705
46-crossing_minimization-10-0;Propagation;73;722,1928
46-crossing_minimization-10-0;Barycenter;74;695,9461
46-crossing_minimization-10-0;ILP-HiGHS;74;30847,5646
46-crossing_minimization-10-0;ILP-Gurobi;69;3691,7022
47-crossing_minimization-10-0;Natural;100,1200;589,3618
47-crossing_minimization-10-0;Propagation;102;679,5017
47-crossing_minimization-10-0;Barycenter;95;534,0899
47-crossing_minimization-10-0;ILP-HiGHS;95;31645,5709
47-crossing_minimization-10-0;ILP-Gurobi;90;30672,9799
48-crossing_minimization-10-0;Natural;78,9800;528,6121
48-crossing_minimization-10-0;Propagation;71;714,1755
48-crossing_minimization-10-0;Barycenter;75;636,8243
48-crossing_minimization-10-0;ILP-HiGHS;75;30980,9861
48-crossing_minimization-10-0;ILP-Gurobi;63;3073,2019
49-crossing_minimization-10-0;Natural;87,9000;553,6459
49-crossing_minimization-10-0;Propagation;89;533,2897
49-crossing_minimization-10-0;Barycenter;92;524,0218
49-crossing_minimization-10-0;ILP-HiGHS;92;30746,9976
49-crossing_minimization-10-0;ILP-Gurobi;70;3570,6844
50-crossing_minimization-8-0;Natural;37,5200;540,8357
50-crossing_minimization-8-0;Propagation;30;518,8083
50-crossing_minimization-8-0;Barycenter;41;589,7248
50-crossing_minimization-8-0;ILP-HiGHS;28;30780,7065
50-crossing_minimization-8-0;ILP-Gurobi;26;778,4563
51-crossing_minimization-8-0;Natural;28,8000;435,0380
51-crossing_minimization-8-0;Propagation;19;546,1674
51-crossing_minimization-8-0;Barycenter;20;677,0334
51-crossing_minimization-8-0;ILP-HiGHS;17;30658,2102
51-crossing_minimization-8-0;ILP-Gurobi;16;963,3888
52-crossing_minimization-8-0;Natural;39,5200;533,7769
52-crossing_minimization-8-0;Propagation;36;599,3513
52-crossing_minimization-8-0;Barycenter;35;520,5785
52-crossing_minimization-8-0;ILP-HiGHS;32;30661,8621
52-crossing_minimization-8-0;ILP-Gurobi;30;1064,9972
53-crossing_minimization-8-0;Natural;29,9000;558,9381
53-crossing_minimization-8-0;Propagation;40;615,3288
53-crossing_minimization-8-0;Barycenter;21;568,6612
53-crossing_minimization-8-0;ILP-HiGHS;21;31533,6858
53-crossing_minimization-8-0;ILP-Gurobi;20;965,3791
54-crossing_minimization-8-0;Natural;30,2400;554,8891
54-crossing_minimization-8-0;Propagation;21;541,4554
54-crossing_minimization-8-0;Barycenter;18;583,3309
54-crossing_minimization-8-0;ILP-HiGHS;18;30988,2027
54-crossing_minimization-8-0;ILP-Gurobi;18;814,8028
55-crossing_minimization-8-0;Natural;35,8000;550,0658
55-crossing_minimization-8-0;Propagation;38;563,2628
55-crossing_minimization-8-0;Barycenter;38;525,5233
55-crossing_minimization-8-0;ILP-HiGHS;33;30641,1509
55-crossing_minimization-8-0;ILP-Gurobi;31;1480,3183
56-crossing_minimization-8-0;Natural;28,8200;567,0042
56-crossing_minimization-8-0;Propagation;22;546,1154
56-crossing_minimization-8-0;Barycenter;21;576,3491
56-crossing_minimization-8-0;ILP-HiGHS;21;30621,4500
56-crossing_minimization-8-0;ILP-Gurobi;21;658,4167
57-crossing_minimization-8-0;Natural;36,1800;534,7628
57-crossing_minimization-8-0;Propagation;30;443,9433
57-crossing_minimization-8-0;Barycenter;31;526,9967
57-crossing_minimization-8-0;ILP-HiGHS;30;31385,3265
57-crossing_minimization-8-0;ILP-Gurobi;29;1612,6426
58-crossing_minimization-8-0;Natural;34,5000;544,4349
58-crossing_minimization-8-0;Propagation;44;547,3329
58-crossing_minimization-8-0;Barycenter;35;555,7031
58-crossing_minimization-8-0;ILP-HiGHS;27;30624,3076
58-crossing_minimization-8-0;ILP-Gurobi;26;1058,2769
59-crossing_minimization-8-0;Natural;34,4000;529,8222
59-crossing_minimization-8-0;Propagation;33;516,9999
59-crossing_minimization-8-0;Barycenter;29;597,7328
59-crossing_minimization-8-0;ILP-HiGHS;29;31984,4647
59-crossing_minimization-8-0;ILP-Gurobi;28;1295,8079
60-crossing_minimization-9-0;Natural;68,2400;704,7472
60-crossing_minimization-9-0;Propagation;78;718,0841
60-crossing_minimization-9-0;Barycenter;61;701,4642
60-crossing_minimization-9-0;ILP-HiGHS;61;31277,8624
60-crossing_minimization-9-0;ILP-Gurobi;50;1912,1693
61-crossing_minimization-9-0;Natural;71,3400;728,9634
61-crossing_minimization-9-0;Propagation;81;651,3308
61-crossing_minimization-9-0;Barycenter;58;770,9814
61-crossing_minimization-9-0;ILP-HiGHS;58;32605,5143
61-crossing_minimization-9-0;ILP-Gurobi;58;2187,6067
62-crossing_minimization-9-0;Natural;63,4600;582,9981
62-crossing_minimization-9-0;Propagation;53;193,5533
62-crossing_minimization-9-0;Barycenter;50;186,6203
62-crossing_minimization-9-0;ILP-HiGHS;47;30244,9152
62-crossing_minimization-9-0;ILP-Gurobi;47;702,4764
63-crossing_minimization-9-0;Natural;52,3200;198,2430
63-crossing_minimization-9-0;Propagation;39;207,6122
63-crossing_minimization-9-0;Barycenter;41;197,1558
63-crossing_minimization-9-0;ILP-HiGHS;36;30234,7222
63-crossing_minimization-9-0;ILP-Gurobi;34;490,6951
64-crossing_minimization-9-0;Natural;60,5600;201,6778
64-crossing_minimization-9-0;Propagation;60;193,2187
64-crossing_minimization-9-0;Barycenter;56;188,2848
64-crossing_minimization-9-0;ILP-HiGHS;38;30241,2304
64-crossing_minimization-9-0;ILP-Gurobi;38;467,2456
65-crossing_minimization-9-0;Natural;56,9000;202,6373
65-crossing_minimization-9-0;Propagation;61;193,3666
65-crossing_minimization-9-0;Barycenter;43;188,5536
65-crossing_minimization-9-0;ILP-HiGHS;43;30212,1654
65-crossing_minimization-9-0;ILP-Gurobi;43;583,7797
66-crossing_minimization-9-0;Natural;57,0800;230,2707
66-crossing_minimization-9-0;Propagation;77;180,5008
66-crossing_minimization-9-0;Barycenter;49;186,8476
66-crossing_minimization-9-0;ILP-HiGHS;45;30257,9954
66-crossing_minimization-9-0;ILP-Gurobi;43;559,0756
67-crossing_minimization-9-0;Natural;64,8200;198,7010
67-crossing_minimization-9-0;Propagation;88;200,5809
67-crossing_minimization-9-0;Barycenter;67;211,2952
67-crossing_minimization-9-0;ILP-HiGHS;58;30234,9254
67-crossing_minimization-9-0;ILP-Gurobi;49;619,6164
68-crossing_minimization-9-0;Natural;57,5000;739,1451
68-crossing_minimization-9-0;Propagation;68;708,2383
68-crossing_minimization-9-0;Barycenter;55;753,6249
68-crossing_minimization-9-0;ILP-HiGHS;55;32278,4721
68-crossing_minimization-9-0;ILP-Gurobi;45;2609,1221
69-crossing_minimization-9-0;Natural;57,8600;718,8438
69-crossing_minimization-9-0;Propagation;48;743,8177
69-crossing_minimization-9-0;Barycenter;50;669,0271
69-crossing_minimization-9-0;ILP-HiGHS;50;31742,4018
69-crossing_minimization-9-0;ILP-Gurobi;43;3299,7533
70-crossing_minimization-8-0;Natural;41,5800;716,5746
70-crossing_minimization-8-0;Propagation;61;731,1005
70-crossing_minimization-8-0;Barycenter;45;783,4858
70-crossing_minimization-8-0;ILP-HiGHS;45;30853,1287
70-crossing_minimization-8-0;ILP-Gurobi;31;497,9424
71-crossing_minimization-8-0;Natural;43,6400;400,8472
71-crossing_minimization-8-0;Propagation;40;188,0493
71-crossing_minimization-8-0;Barycenter;38;191,7843
71-crossing_minimization-8-0;ILP-HiGHS;31;30274,3233
71-crossing_minimization-8-0;ILP-Gurobi;31;475,6505
72-crossing_minimization-8-0;Natural;43,7200;294,6226
72-crossing_minimization-8-0;Propagation;49;314,3668
72-crossing_minimization-8-0;Barycenter;39;301,4850
72-crossing_minimization-8-0;ILP-HiGHS;28;30349,9184
72-crossing_minimization-8-0;ILP-Gurobi;28;356,9027
73-crossing_minimization-8-0;Natural;40,6800;221,8513
73-crossing_minimization-8-0;Propagation;33;230,9560
73-crossing_minimization-8-0;Barycenter;32;191,2308
73-crossing_minimization-8-0;ILP-HiGHS;21;27514,2393
73-crossing_minimization-8-0;ILP-Gurobi;21;388,0215
74-crossing_minimization-8-0;Natural;45,3600;219,2984
74-crossing_minimization-8-0;Propagation;54;249,9677
74-crossing_minimization-8-0;Barycenter;56;223,0253
74-crossing_minimization-8-0;ILP-HiGHS;31;30422,0429
74-crossing_minimization-8-0;ILP-Gurobi;31;641,2709
75-crossing_minimization-8-0;Natural;38,7400;241,6792
75-crossing_minimization-8-0;Propagation;36;189,6101
75-crossing_minimization-8-0;Barycenter;36;213,4098
75-crossing_minimization-8-0;ILP-HiGHS;32;30216,6674
75-crossing_minimization-8-0;ILP-Gurobi;28;446,0556
76-crossing_minimization-8-0;Natural;67,3000;245,1793
76-crossing_minimization-8-0;Propagation;58;235,5905
76-crossing_minimization-8-0;Barycenter;61;220,3787
76-crossing_minimization-8-0;ILP-HiGHS;60;30265,1807
76-crossing_minimization-8-0;ILP-Gurobi;52;470,9576
77-crossing_minimization-8-0;Natural;45,7400;229,4644
77-crossing_minimization-8-0;Propagation;43;228,3937
77-crossing_minimization-8-0;Barycenter;40;196,6438
77-crossing_minimization-8-0;ILP-HiGHS;37;30244,3047
77-crossing_minimization-8-0;ILP-Gurobi;31;520,0050
78-crossing_minimization-8-0;Natural;42,9400;222,3774
78-crossing_minimization-8-0;Propagation;45;217,4457
78-crossing_minimization-8-0;Barycenter;42;247,7654
78-crossing_minimization-8-0;ILP-HiGHS;37;30260,2415
78-crossing_minimization-8-0;ILP-Gurobi;32;428,8917
79-crossing_minimization-8-0;Natural;49,3600;235,1887
79-crossing_minimization-8-0;Propagation;40;239,0246
79-crossing_minimization-8-0;Barycenter;50;244,3509
79-crossing_minimization-8-0;ILP-HiGHS;40;30312,9596
79-crossing_minimization-8-0;ILP-Gurobi;39;727,5162
80-crossing_minimization-9-0;Natural;95,4600;291,6140
80-crossing_minimization-9-0;Propagation;99;293,3355
80-crossing_minimization-9-0;Barycenter;88;284,9795
80-crossing_minimization-9-0;ILP-HiGHS;86;30371,7551
80-crossing_minimization-9-0;ILP-Gurobi;77;1578,4572
81-crossing_minimization-9-0;Natural;78,0200;321,0495
81-crossing_minimization-9-0;Propagation;79;288,4190
81-crossing_minimization-9-0;Barycenter;64;326,7163
81-crossing_minimization-9-0;ILP-HiGHS;64;30335,8186
81-crossing_minimization-9-0;ILP-Gurobi;61;847,4810
82-crossing_minimization-9-0;Natural;84,8600;291,3641
82-crossing_minimization-9-0;Propagation;81;295,3465
82-crossing_minimization-9-0;Barycenter;81;315,1027
82-crossing_minimization-9-0;ILP-HiGHS;69;30337,9847
82-crossing_minimization-9-0;ILP-Gurobi;67;1265,5835
83-crossing_minimization-9-0;Natural;105,1000;286,1227
83-crossing_minimization-9-0;Propagation;95;296,3381
83-crossing_minimization-9-0;Barycenter;94;282,2921
83-crossing_minimization-9-0;ILP-HiGHS;94;30339,4842
83-crossing_minimization-9-0;ILP-Gurobi;82;1275,3502
84-crossing_minimization-9-0;Natural;77,4000;295,6615
84-crossing_minimization-9-0;Propagation;71;290,1811
84-crossing_minimization-9-0;Barycenter;65;298,6681
84-crossing_minimization-9-0;ILP-HiGHS;42;30336,4605
84-crossing_minimization-9-0;ILP-Gurobi;42;666,5635
85-crossing_minimization-9-0;Natural;81,3200;287,8232
85-crossing_minimization-9-0;Propagation;93;285,7193
85-crossing_minimization-9-0;Barycenter;80;308,9784
85-crossing_minimization-9-0;ILP-HiGHS;80;30333,5622
85-crossing_minimization-9-0;ILP-Gurobi;58;784,2944
86-crossing_minimization-9-0;Natural;83,0600;302,5366
86-crossing_minimization-9-0;Propagation;76;281,0001
86-crossing_minimization-9-0;Barycenter;75;311,1623
86-crossing_minimization-9-0;ILP-HiGHS;75;30361,1189
86-crossing_minimization-9-0;ILP-Gurobi;62;1606,7971
87-crossing_minimization-9-0;Natural;83,2200;303,0768
87-crossing_minimization-9-0;Propagation;92;335,4286
87-crossing_minimization-9-0;Barycenter;66;308,4354
87-crossing_minimization-9-0;ILP-HiGHS;66;30337,0785
87-crossing_minimization-9-0;ILP-Gurobi;59;1311,1521
88-crossing_minimization-9-0;Natural;87,6800;319,7190
88-crossing_minimization-9-0;Propagation;91;304,9413
88-crossing_minimization-9-0;Barycenter;90;313,4310
88-crossing_minimization-9-0;ILP-HiGHS;87;30377,5994
88-crossing_minimization-9-0;ILP-Gurobi;71;1708,3303
89-crossing_minimization-9-0;Natural;74,5000;324,9343
89-crossing_minimization-9-0;Propagation;70;354,1526
89-crossing_minimization-9-0;Barycenter;67;345,3350
89-crossing_minimization-9-0;ILP-HiGHS;62;30349,7997
89-crossing_minimization-9-0;ILP-Gurobi;58;1380,4185
90-crossing_minimization-8-0;Natural;50,6200;314,0819
90-crossing_minimization-8-0;Propagation;57;322,0709
90-crossing_minimization-8-0;Barycenter;48;324,8572
90-crossing_minimization-8-0;ILP-HiGHS;46;30363,8917
90-crossing_minimization-8-0;ILP-Gurobi;40;1561,8505
91-crossing_minimization-8-0;Natural;53,2600;307,5515
91-crossing_minimization-8-0;Propagation;55;293,3608
91-crossing_minimization-8-0;Barycenter;47;371,6949
91-crossing_minimization-8-0;ILP-HiGHS;45;30320,8228
91-crossing_minimization-8-0;ILP-Gurobi;38;646,5433
92-crossing_minimization-8-0;Natural;51,6400;303,2499
92-crossing_minimization-8-0;Propagation;57;324,8395
92-crossing_minimization-8-0;Barycenter;53;286,3420
92-crossing_minimization-8-0;ILP-HiGHS;38;30371,7156
92-crossing_minimization-8-0;ILP-Gurobi;36;464,8370
93-crossing_minimization-8-0;Natural;64,1800;305,0525
93-crossing_minimization-8-0;Propagation;80;302,4323
93-crossing_minimization-8-0;Barycenter;52;340,7802
93-crossing_minimization-8-0;ILP-HiGHS;52;30348,6164
93-crossing_minimization-8-0;ILP-Gurobi;50;1189,1594
94-crossing_minimization-8-0;Natural;45,2400;335,6490
94-crossing_minimization-8-0;Propagation;32;358,6984
94-crossing_minimization-8-0;Barycenter;32;312,1969
94-crossing_minimization-8-0;ILP-HiGHS;30;30367,3283
94-crossing_minimization-8-0;ILP-Gurobi;29;572,5719
95-crossing_minimization-8-0;Natural;47,0600;340,5027
95-crossing_minimization-8-0;Propagation;51;339,6854
95-crossing_minimization-8-0;Barycenter;56;337,2316
95-crossing_minimization-8-0;ILP-HiGHS;29;30362,3711
95-crossing_minimization-8-0;ILP-Gurobi;27;567,4415
96-crossing_minimization-8-0;Natural;42,5400;306,9215
96-crossing_minimization-8-0;Propagation;47;311,8459
96-crossing_minimization-8-0;Barycenter;33;296,8246
96-crossing_minimization-8-0;ILP-HiGHS;31;30362,9562
96-crossing_minimization-8-0;ILP-Gurobi;31;546,6677
97-crossing_minimization-8-0;Natural;58,0800;304,7811
97-crossing_minimization-8-0;Propagation;81;328,0513
97-crossing_minimization-8-0;Barycenter;73;301,6616
97-crossing_minimization-8-0;ILP-HiGHS;48;30350,0116
97-crossing_minimization-8-0;ILP-Gurobi;44;580,8073
98-crossing_minimization-8-0;Natural;52,2800;254,6454
98-crossing_minimization-8-0;Propagation;57;207,6571
98-crossing_minimization-8-0;Barycenter;53;211,4935
98-crossing_minimization-8-0;ILP-HiGHS;41;30234,6194
98-crossing_minimization-8-0;ILP-Gurobi;36;371,1907
99-crossing_minimization-8-0;Natural;48,1600;221,4648
99-crossing_minimization-8-0;Propagation;47;219,8057
99-crossing_minimization-8-0;Barycenter;44;216,4718
99-crossing_minimization-8-0;ILP-HiGHS;39;30247,9010
99-crossing_minimization-8-0;ILP-Gurobi;35;450,0278
