instance;crossings_before;crossings_after;crossing_ratio_pct;time_ms
00-crossing_minimization-9-0;112;37;33,0357;55,7830
01-crossing_minimization-9-0;103;26;25,2427;56,5187
02-crossing_minimization-9-0;86;28;32,5581;56,9405
03-crossing_minimization-9-0;81;37;45,6790;56,4101
04-crossing_minimization-9-0;112;27;24,1071;55,2942
05-crossing_minimization-9-0;98;33;33,6735;53,5210
06-crossing_minimization-9-0;85;32;37,6471;55,6050
07-crossing_minimization-9-0;98;30;30,6122;56,6307
08-crossing_minimization-9-0;110;25;22,7273;54,6569
09-crossing_minimization-9-0;97;23;23,7113;103,6400
10-crossing_minimization-10-0;166;48;28,9157;104,5760
11-crossing_minimization-10-0;128;34;26,5625;100,0493
12-crossing_minimization-10-0;168;49;29,1667;99,0257
13-crossing_minimization-10-0;142;62;43,6620;109,9491
14-crossing_minimization-10-0;142;50;35,2113;118,6413
15-crossing_minimization-10-0;186;51;27,4194;129,9941
16-crossing_minimization-10-0;170;54;31,7647;73,2633
17-crossing_minimization-10-0;175;29;16,5714;70,1286
18-crossing_minimization-10-0;184;48;26,0870;70,5894
19-crossing_minimization-10-0;141;30;21,2766;110,3689
20-crossing_minimization-8-0;109;26;23,8532;90,4861
21-crossing_minimization-8-0;87;24;27,5862;142,2991
22-crossing_minimization-8-0;91;44;48,3516;175,0728
23-crossing_minimization-8-0;98;21;21,4286;127,2615
24-crossing_minimization-8-0;79;12;15,1899;119,5382
25-crossing_minimization-8-0;73;30;41,0959;86,1699
26-crossing_minimization-8-0;96;31;32,2917;143,2300
27-crossing_minimization-8-0;92;27;29,3478;123,0696
28-crossing_minimization-8-0;81;17;20,9877;119,6472
29-crossing_minimization-8-0;88;31;35,2273;115,1059
30-crossing_minimization-9-0;186;36;19,3548;132,0131
31-crossing_minimization-9-0;153;38;24,8366;159,2175
32-crossing_minimization-9-0;160;44;27,5000;163,3913
33-crossing_minimization-9-0;153;49;32,0261;169,4148
34-crossing_minimization-9-0;153;45;29,4118;104,9748
35-crossing_minimization-9-0;129;57;44,1860;103,1644
36-crossing_minimization-9-0;142;38;26,7606;154,2179
37-crossing_minimization-9-0;156;53;33,9744;148,9457
38-crossing_minimization-9-0;137;39;28,4672;152,8944
39-crossing_minimization-9-0;173;39;22,5434;145,6809
40-crossing_minimization-10-0;249;76;30,5221;165,2162
41-crossing_minimization-10-0;295;64;21,6949;180,8671
42-crossing_minimization-10-0;192;74;38,5417;198,2514
43-crossing_minimization-10-0;270;66;24,4444;191,7470
44-crossing_minimization-10-0;219;95;43,3790;207,7271
45-crossing_minimization-10-0;271;78;28,7823;244,5588
46-crossing_minimization-10-0;249;73;29,3173;209,3825
47-crossing_minimization-10-0;214;102;47,6636;187,6711
48-crossing_minimization-10-0;253;71;28,0632;199,1231
49-crossing_minimization-10-0;237;89;37,5527;176,4904
50-crossing_minimization-8-0;145;30;20,6897;166,7487
51-crossing_minimization-8-0;129;19;14,7287;202,4576
52-crossing_minimization-8-0;153;36;23,5294;161,8300
53-crossing_minimization-8-0;128;40;31,2500;183,9350
54-crossing_minimization-8-0;131;21;16,0305;176,1106
55-crossing_minimization-8-0;132;38;28,7879;164,8550
56-crossing_minimization-8-0;121;22;18,1818;200,6216
57-crossing_minimization-8-0;115;30;26,0870;181,1857
58-crossing_minimization-8-0;109;44;40,3670;190,0171
59-crossing_minimization-8-0;144;33;22,9167;157,5866
60-crossing_minimization-9-0;219;78;35,6164;185,0295
61-crossing_minimization-9-0;193;81;41,9689;241,2085
62-crossing_minimization-9-0;213;53;24,8826;235,0998
63-crossing_minimization-9-0;208;39;18,7500;231,1741
64-crossing_minimization-9-0;194;60;30,9278;243,4316
65-crossing_minimization-9-0;184;61;33,1522;255,4226
66-crossing_minimization-9-0;187;77;41,1765;258,4204
67-crossing_minimization-9-0;194;88;45,3608;198,6148
68-crossing_minimization-9-0;201;68;33,8308;250,5548
69-crossing_minimization-9-0;188;48;25,5319;235,6473
70-crossing_minimization-8-0;139;61;43,8849;295,5206
71-crossing_minimization-8-0;152;40;26,3158;283,5401
72-crossing_minimization-8-0;150;49;32,6667;261,8879
73-crossing_minimization-8-0;141;33;23,4043;264,4356
74-crossing_minimization-8-0;168;54;32,1429;281,3792
75-crossing_minimization-8-0;163;36;22,0859;274,3426
76-crossing_minimization-8-0;187;58;31,0160;299,6962
77-crossing_minimization-8-0;152;43;28,2895;227,3327
78-crossing_minimization-8-0;155;45;29,0323;255,8233
79-crossing_minimization-8-0;135;40;29,6296;264,3819
80-crossing_minimization-9-0;250;99;39,6000;314,6289
81-crossing_minimization-9-0;239;79;33,0544;300,9145
82-crossing_minimization-9-0;249;81;32,5301;304,6657
83-crossing_minimization-9-0;241;95;39,4191;283,6167
84-crossing_minimization-9-0;229;71;31,0044;824,5949
85-crossing_minimization-9-0;211;93;44,0758;379,7454
86-crossing_minimization-9-0;248;76;30,6452;336,7212
87-crossing_minimization-9-0;281;92;32,7402;364,9772
88-crossing_minimization-9-0;275;91;33,0909;397,7133
89-crossing_minimization-9-0;254;70;27,5591;399,3540
90-crossing_minimization-8-0;147;57;38,7755;448,0774
91-crossing_minimization-8-0;207;55;26,5700;417,7088
92-crossing_minimization-8-0;215;57;26,5116;230,5576
93-crossing_minimization-8-0;197;80;40,6091;231,1569
94-crossing_minimization-8-0;163;32;19,6319;236,3821
95-crossing_minimization-8-0;165;51;30,9091;232,7834
96-crossing_minimization-8-0;181;47;25,9669;229,7832
97-crossing_minimization-8-0;190;81;42,6316;224,8606
98-crossing_minimization-8-0;196;57;29,0816;244,8786
99-crossing_minimization-8-0;183;47;25,6831;357,9481
