instance;highs_crossings;highs_time_ms;highs_optimal;gurobi_crossings;gurobi_time_ms;gurobi_optimal;bf_crossings;bf_time_ms
hypergraph_(3,2);0;4,2393;yes;0;2,4657;yes;0;0,5053
hypergraph_(3,3);0;7,3269;yes;0;3,6764;yes;0;0,3586
hypergraph_(3,4);0;8,2917;yes;0;4,1209;yes;0;2,3937
hypergraph_(3,5);0;10,8697;yes;0;7,9431;yes;0;13,3664
hypergraph_(3,6);3;15,2940;yes;3;8,4820;yes;3;95,8799
hypergraph_(3,7);4;14,2249;no;4;10,6701;no;1;802,3608
hypergraph_(3,8);6;30,1609;no;6;14,8536;no;3;9101,9686
hypergraph_(3,9);4;24,1309;no;4;13,2771;no;2;103149,7267
hypergraph_(4,2);0;5,0551;yes;0;2,1052;yes;0;0,0637
hypergraph_(4,3);0;14,6012;yes;0;2,5681;yes;0;0,4288
hypergraph_(4,4);1;8,9817;no;1;5,6913;no;0;1,2771
hypergraph_(4,5);4;12,9031;no;4;8,0237;no;3;25,8304
hypergraph_(4,6);6;11,3992;no;6;8,6283;no;5;118,6776
hypergraph_(4,7);8;15,0132;no;8;11,6885;no;4;911,9773
hypergraph_(4,8);7;21,4036;no;11;10,3164;no;4;9469,6878
hypergraph_(4,9);12;35,1187;no;16;16,8468;no;9;87621,6787
hypergraph_(5,2);0;5,0151;yes;0;2,4810;yes;0;0,0298
hypergraph_(5,3);0;11,6942;yes;0;2,5374;yes;0;0,3809
hypergraph_(5,4);1;8,3745;no;1;8,2529;no;0;1,3501
hypergraph_(5,5);1;11,4493;no;1;8,4621;no;0;10,1632
hypergraph_(5,6);1;10,8468;yes;1;10,2228;yes;1;94,3441
hypergraph_(5,7);7;15,2609;no;7;11,3751;no;5;968,2655
hypergraph_(5,8);13;16,2478;no;13;10,0330;no;11;9976,0820
hypergraph_(5,9);17;20,7371;no;17;9,0145;no;14;102169,0370
hypergraph_(6,2);0;2,4820;yes;0;1,3602;yes;0;0,0377
hypergraph_(6,3);3;6,6839;yes;3;1,5893;yes;3;0,1819
hypergraph_(6,4);5;6,7100;yes;5;5,1624;yes;5;1,1178
hypergraph_(6,5);7;8,2217;yes;7;5,0481;yes;7;9,4307
hypergraph_(6,6);14;9,6372;no;14;5,7664;no;13;84,8674
hypergraph_(6,7);23;10,2934;no;23;6,7514;no;19;757,3353
hypergraph_(6,8);29;13,2376;no;29;7,4491;no;24;7797,5270
hypergraph_(6,9);37;17,8690;no;36;9,2021;no;35;88285,3991
hypergraph_(7,2);1;2,6341;yes;1;1,3384;yes;1;0,0309
hypergraph_(7,3);3;7,1529;yes;3;1,7796;yes;3;0,1731
hypergraph_(7,4);4;8,6602;no;4;5,1742;no;3;1,2118
hypergraph_(7,5);9;9,4870;yes;9;7,6223;yes;9;16,0941
hypergraph_(7,6);12;11,5295;yes;12;6,4691;yes;12;80,4409
hypergraph_(7,7);19;17,9884;yes;19;7,0339;yes;19;774,5653
hypergraph_(7,8);23;13,5123;yes;23;7,8504;yes;23;8025,3743
hypergraph_(7,9);30;27,2962;yes;30;15,4100;yes;30;102200,7285
hypergraph_(8,2);2;4,4895;yes;2;1,7314;yes;2;0,0704
hypergraph_(8,3);1;11,6202;yes;4;3,5091;no;1;0,5258
hypergraph_(8,4);7;7,3745;yes;7;2,7062;yes;7;2,9655
hypergraph_(8,5);10;9,6798;no;10;9,3760;no;7;18,5791
hypergraph_(8,6);20;9,3365;no;20;6,2574;no;18;88,5977
hypergraph_(8,7);28;11,0831;no;26;7,3203;no;25;817,5794
hypergraph_(8,8);40;13,5640;no;38;10,5958;no;37;8469,1509
hypergraph_(8,9);43;23,1040;yes;43;12,1562;yes;43;112880,6209
hypergraph_(9,2);1;4,2181;yes;1;1,5874;yes;1;0,0760
hypergraph_(9,3);4;7,8799;yes;4;2,3739;yes;4;0,2586
hypergraph_(9,4);5;9,6087;yes;5;6,7867;yes;5;1,4302
hypergraph_(9,5);14;11,5319;no;14;7,1793;no;12;12,4981
hypergraph_(9,6);21;16,5030;no;21;9,0078;no;20;117,4769
hypergraph_(9,7);32;14,8830;yes;32;7,4055;yes;32;1155,0996
hypergraph_(9,8);44;13,4950;yes;45;7,7663;no;44;10023,7865
hypergraph_(9,9);58;17,6404;no;58;9,0300;no;56;95383,4267
hypergraph_(10,2);1;2,2683;yes;1;1,4998;yes;1;0,0283
hypergraph_(10,3);4;3,1695;yes;4;1,7625;yes;4;0,1755
hypergraph_(10,4);9;7,0769;no;9;4,4625;no;7;1,3057
hypergraph_(10,5);9;7,9777;no;9;5,8607;no;7;9,5439
hypergraph_(10,6);19;10,2768;no;16;6,2544;no;14;83,5299
hypergraph_(10,7);22;10,8332;no;22;7,3090;no;19;828,5154
hypergraph_(10,8);33;13,3980;no;33;8,5191;no;30;8368,6119
hypergraph_(10,9);54;18,1146;no;54;9,6939;no;53;95624,4676
