instance;highs_crossings;highs_time_ms;gurobi_crossings;gurobi_time_ms
hypergraph_(3,2);0;9,8710;0;2,2069
hypergraph_(3,4);0;4,0058;0;5,5885
hypergraph_(3,8);6;19,1084;6;11,8553
hypergraph_(5,2);0;2,8201;0;1,5930
hypergraph_(5,5);1;10,7157;1;8,0985
hypergraph_(5,10);24;24,8017;24;14,8393
hypergraph_(5,10);24;30,9254;24;15,0409
hypergraph_(7,2);1;3,1267;1;2,6467
hypergraph_(7,7);19;12,8928;19;8,4008
hypergraph_(7,14);102;229,8859;101;21,1199
hypergraph_(9,3);4;9,4274;4;243,8013
hypergraph_(9,9);58;31,6683;58;11,4718
hypergraph_(9,18);245;870,9002;245;54,7859
hypergraph_(11,3);8;3,1780;8;2,6333
hypergraph_(11,11);106;74,0533;106;14,2502
hypergraph_(11,22);363;2645,8902;359;69,6678
hypergraph_(13,4);3;8,8782;3;11,8772
hypergraph_(13,13);96;127,4876;101;20,7214
hypergraph_(13,26);446;5503,2106;449;109,5313
hypergraph_(15,5);15;8,8209;15;7,3376
hypergraph_(15,15);270;353,8890;268;22,4707
hypergraph_(15,30);908;15283,9125;908;174,5084
hypergraph_(17,5);28;10,8161;28;7,0737
hypergraph_(17,17);331;589,0889;331;32,5200
hypergraph_(17,34);1189;29261,0471;1192;222,8113
hypergraph_(19,6);25;10,1245;25;6,8763
hypergraph_(19,19);344;1095,9455;349;45,4912
hypergraph_(19,38);1261;53232,4537;1264;331,9051
hypergraph_(21,7);17;11,0966;17;8,8454
hypergraph_(21,21);282;1172,7717;283;50,2828
hypergraph_(21,42);1390;76625,1448;1389;409,7371
hypergraph_(23,7);44;10,8182;46;9,3602
hypergraph_(23,23);504;2922,5049;499;69,9618
hypergraph_(23,46);2144;180000,2821;2139;728,9493
hypergraph_(25,8);46;19,3236;46;13,1830
hypergraph_(25,25);619;4549,4102;619;86,3472
hypergraph_(25,50);2388;300325,9815;2387;1318,2829
